Activity,Start time,Duration,Day of activity,Weekend or weekday,Start time short
Personal_Hygiene,2011-06-15 06:24:16,13.283333333333331,Wednesday,0,06:24:16
Dress,2011-06-15 06:39:01,9.283333333333331,Wednesday,0,06:39:01
Other_Activity,2011-06-15 06:48:51,1.5666666666666669,Wednesday,0,06:48:51
Cook_Breakfast,2011-06-15 06:50:31,4.933333333333334,Wednesday,0,06:50:31
Eat_Breakfast,2011-06-15 06:56:11,26.933333333333334,Wednesday,0,06:56:11
Wash_Breakfast_Dishes,2011-06-15 07:23:16,1.85,Wednesday,0,07:23:16
Read,2011-06-15 07:25:19,68.25,Wednesday,0,07:25:19
Toilet,2011-06-15 08:34:00,1.7333333333333334,Wednesday,0,08:34:00
Other_Activity,2011-06-15 08:36:37,407.05,Wednesday,0,08:36:37
Toilet,2011-06-15 15:24:09,1.0333333333333334,Wednesday,0,15:24:09
Work_On_Computer,2011-06-15 15:26:12,17.066666666666666,Wednesday,0,15:26:12
Work_On_Computer,2011-06-15 15:43:44,44.81666666666667,Wednesday,0,15:43:44
Cook,2011-06-15 16:28:42,3.733333333333333,Wednesday,0,16:28:42
Eat,2011-06-15 16:33:02,8.166666666666666,Wednesday,0,16:33:02
Other_Activity,2011-06-15 16:41:12,5.016666666666667,Wednesday,0,16:41:12
Work_On_Computer,2011-06-15 16:46:13,18.366666666666667,Wednesday,0,16:46:13
Drink,2011-06-15 17:04:49,1.15,Wednesday,0,17:04:49
Work_On_Computer,2011-06-15 17:06:06,14.633333333333333,Wednesday,0,17:06:06
Other_Activity,2011-06-15 17:21:12,1.6166666666666667,Wednesday,0,17:21:12
Work_On_Computer,2011-06-15 17:23:11,29.683333333333334,Wednesday,0,17:23:11
Cook_Dinner,2011-06-15 17:53:00,5.0,Wednesday,0,17:53:00
Cook_Dinner,2011-06-15 17:58:56,1.7333333333333334,Wednesday,0,17:58:56
Eat_Dinner,2011-06-15 18:02:15,15.033333333333331,Wednesday,0,18:02:15
Wash_Dinner_Dishes,2011-06-15 18:17:24,1.3666666666666667,Wednesday,0,18:17:24
Other_Activity,2011-06-15 18:19:39,3.683333333333333,Wednesday,0,18:19:39
Read,2011-06-15 18:23:20,13.316666666666666,Wednesday,0,18:23:20
Wash_Dinner_Dishes,2011-06-15 18:36:45,1.5166666666666666,Wednesday,0,18:36:45
Watch_TV,2011-06-15 18:38:22,34.766666666666666,Wednesday,0,18:38:22
Other_Activity,2011-06-15 19:13:08,1.8166666666666669,Wednesday,0,19:13:08
Toilet,2011-06-15 19:15:01,3.45,Wednesday,0,19:15:01
Work_At_Desk,2011-06-15 19:18:49,4.516666666666667,Wednesday,0,19:18:49
Leave_Home,2011-06-15 19:23:30,1.8,Wednesday,0,19:23:30
Other_Activity,2011-06-15 19:25:18,70.55,Wednesday,0,19:25:18
Work_On_Computer,2011-06-15 20:36:05,32.11666666666667,Wednesday,0,20:36:05
Groom,2011-06-15 21:08:33,10.333333333333334,Wednesday,0,21:08:33
Work_On_Computer,2011-06-15 21:19:35,13.0,Wednesday,0,21:19:35
Work_On_Computer,2011-06-15 21:34:01,73.36666666666666,Wednesday,0,21:34:01
Work_On_Computer,2011-06-15 22:47:58,10.683333333333334,Wednesday,0,22:47:58
Read,2011-06-15 22:58:59,8.733333333333333,Wednesday,0,22:58:59
Dress,2011-06-15 23:08:32,1.7833333333333334,Wednesday,0,23:08:32
Personal_Hygiene,2011-06-16 06:46:08,11.8,Thursday,0,06:46:08
Bathe,2011-06-16 06:57:56,7.866666666666666,Thursday,0,06:57:56
Groom,2011-06-16 07:06:27,5.65,Thursday,0,07:06:27
Dress,2011-06-16 07:12:28,3.3666666666666667,Thursday,0,07:12:28
Morning_Meds,2011-06-16 07:16:01,2.1666666666666665,Thursday,0,07:16:01
Drink,2011-06-16 07:18:45,1.1166666666666667,Thursday,0,07:18:45
Read,2011-06-16 07:20:31,2.183333333333333,Thursday,0,07:20:31
Other_Activity,2011-06-16 07:22:42,1.8666666666666667,Thursday,0,07:22:42
Dress,2011-06-16 07:24:56,1.5666666666666669,Thursday,0,07:24:56
Cook_Breakfast,2011-06-16 07:26:37,3.3833333333333333,Thursday,0,07:26:37
Eat_Breakfast,2011-06-16 07:30:52,7.2,Thursday,0,07:30:52
Read,2011-06-16 07:38:04,62.083333333333336,Thursday,0,07:38:04
Toilet,2011-06-16 08:40:50,3.85,Thursday,0,08:40:50
Other_Activity,2011-06-16 08:47:26,1.4333333333333331,Thursday,0,08:47:26
Read,2011-06-16 08:49:54,11.633333333333333,Thursday,0,08:49:54
Other_Activity,2011-06-16 09:02:34,1.2,Thursday,0,09:02:34
Other_Activity,2011-06-16 09:04:10,208.03333333333333,Thursday,0,09:04:10
Drink,2011-06-16 12:33:57,1.8166666666666669,Thursday,0,12:33:57
Work_On_Computer,2011-06-16 12:36:24,7.15,Thursday,0,12:36:24
Work_On_Computer,2011-06-16 12:44:46,9.65,Thursday,0,12:44:46
Work_On_Computer,2011-06-16 12:55:17,28.23333333333333,Thursday,0,12:55:17
Work_On_Computer,2011-06-16 13:24:32,30.8,Thursday,0,13:24:32
Work_On_Computer,2011-06-16 13:56:32,35.53333333333333,Thursday,0,13:56:32
Personal_Hygiene,2011-06-16 14:32:48,2.0,Thursday,0,14:32:48
Other_Activity,2011-06-16 14:34:48,3.5166666666666666,Thursday,0,14:34:48
Personal_Hygiene,2011-06-16 14:38:23,10.816666666666666,Thursday,0,14:38:23
Work_At_Desk,2011-06-16 14:50:37,3.6166666666666663,Thursday,0,14:50:37
Other_Activity,2011-06-16 14:55:39,69.33333333333333,Thursday,0,14:55:39
Work_On_Computer,2011-06-16 16:05:16,36.516666666666666,Thursday,0,16:05:16
Other_Activity,2011-06-16 16:41:50,2.65,Thursday,0,16:41:50
Toilet,2011-06-16 16:45:07,1.05,Thursday,0,16:45:07
Step_Out,2011-06-16 16:46:32,3.283333333333333,Thursday,0,16:46:32
Leave_Home,2011-06-16 16:50:18,2.033333333333333,Thursday,0,16:50:18
Other_Activity,2011-06-16 16:52:20,325.06666666666666,Thursday,0,16:52:20
Work_On_Computer,2011-06-16 22:18:49,35.9,Thursday,0,22:18:49
Other_Activity,2011-06-16 22:56:30,1.7666666666666666,Thursday,0,22:56:30
Dress,2011-06-16 22:58:16,3.533333333333333,Thursday,0,22:58:16
Other_Activity,2011-06-17 07:02:42,1.9,Friday,0,07:02:42
Personal_Hygiene,2011-06-17 07:04:36,5.566666666666666,Friday,0,07:04:36
Morning_Meds,2011-06-17 07:10:10,1.5666666666666669,Friday,0,07:10:10
Cook_Breakfast,2011-06-17 07:11:48,5.2,Friday,0,07:11:48
Other_Activity,2011-06-17 07:17:00,3.15,Friday,0,07:17:00
Eat_Breakfast,2011-06-17 07:23:03,4.766666666666667,Friday,0,07:23:03
Toilet,2011-06-17 07:27:59,1.25,Friday,0,07:27:59
Work_On_Computer,2011-06-17 07:29:21,73.68333333333334,Friday,0,07:29:21
Other_Activity,2011-06-17 08:43:02,3.2333333333333334,Friday,0,08:43:02
Read,2011-06-17 08:47:59,6.283333333333333,Friday,0,08:47:59
Leave_Home,2011-06-17 08:54:23,1.2,Friday,0,08:54:23
Other_Activity,2011-06-17 08:55:35,63.3,Friday,0,08:55:35
Other_Activity,2011-06-17 10:00:04,1.5833333333333333,Friday,0,10:00:04
Personal_Hygiene,2011-06-17 10:01:47,4.966666666666667,Friday,0,10:01:47
Dress,2011-06-17 10:07:04,3.8,Friday,0,10:07:04
Other_Activity,2011-06-17 10:10:52,1.0666666666666669,Friday,0,10:10:52
Toilet,2011-06-17 10:11:59,1.5166666666666666,Friday,0,10:11:59
Other_Activity,2011-06-17 10:14:04,3.2666666666666666,Friday,0,10:14:04
Work_On_Computer,2011-06-17 10:17:24,24.183333333333334,Friday,0,10:17:24
Leave_Home,2011-06-17 10:41:45,3.8333333333333335,Friday,0,10:41:45
Other_Activity,2011-06-17 10:45:35,33.93333333333333,Friday,0,10:45:35
Other_Activity,2011-06-17 11:19:39,1.7,Friday,0,11:19:39
Drink,2011-06-17 11:21:22,1.9166666666666667,Friday,0,11:21:22
Work_On_Computer,2011-06-17 11:23:56,154.3,Friday,0,11:23:56
Toilet,2011-06-17 13:59:09,1.1666666666666667,Friday,0,13:59:09
Leave_Home,2011-06-17 14:01:12,1.25,Friday,0,14:01:12
Other_Activity,2011-06-17 14:02:27,4.2,Friday,0,14:02:27
Work_On_Computer,2011-06-17 14:06:51,16.633333333333333,Friday,0,14:06:51
Read,2011-06-17 14:23:45,3.733333333333333,Friday,0,14:23:45
Drink,2011-06-17 14:27:34,1.5,Friday,0,14:27:34
Work_At_Desk,2011-06-17 14:30:04,6.5,Friday,0,14:30:04
Read,2011-06-17 14:37:54,8.466666666666667,Friday,0,14:37:54
Read,2011-06-17 14:48:44,36.46666666666667,Friday,0,14:48:44
Other_Activity,2011-06-17 15:25:12,4.683333333333334,Friday,0,15:25:12
Work_On_Computer,2011-06-17 15:29:53,148.8,Friday,0,15:29:53
Cook_Dinner,2011-06-17 17:58:57,3.3666666666666667,Friday,0,17:58:57
Cook_Dinner,2011-06-17 18:04:01,1.45,Friday,0,18:04:01
Other_Activity,2011-06-17 18:05:29,2.316666666666667,Friday,0,18:05:29
Eat_Dinner,2011-06-17 18:07:48,2.1666666666666665,Friday,0,18:07:48
Eat_Dinner,2011-06-17 18:10:59,1.4333333333333331,Friday,0,18:10:59
Other_Activity,2011-06-17 18:12:25,6.416666666666667,Friday,0,18:12:25
Watch_TV,2011-06-17 18:19:22,1.35,Friday,0,18:19:22
Other_Activity,2011-06-17 18:20:43,2.65,Friday,0,18:20:43
Other_Activity,2011-06-17 18:24:32,4.0,Friday,0,18:24:32
Drink,2011-06-17 18:28:46,1.4166666666666667,Friday,0,18:28:46
Other_Activity,2011-06-17 18:30:43,35.81666666666667,Friday,0,18:30:43
Other_Activity,2011-06-17 19:06:38,2.3666666666666667,Friday,0,19:06:38
Other_Activity,2011-06-17 19:10:04,2.1666666666666665,Friday,0,19:10:04
Work_At_Desk,2011-06-17 19:12:18,6.55,Friday,0,19:12:18
Other_Activity,2011-06-17 19:20:09,55.71666666666667,Friday,0,19:20:09
Other_Activity,2011-06-17 20:16:24,126.88333333333334,Friday,0,20:16:24
Work_On_Computer,2011-06-17 22:25:49,5.7,Friday,0,22:25:49
Work_On_Computer,2011-06-17 22:31:52,32.583333333333336,Friday,0,22:31:52
Groom,2011-06-17 23:05:07,5.35,Friday,0,23:05:07
Watch_TV,2011-06-17 23:12:29,8.85,Friday,0,23:12:29
Personal_Hygiene,2011-06-18 06:40:26,14.716666666666669,Saturday,1,06:40:26
Other_Activity,2011-06-18 06:55:09,1.3333333333333333,Saturday,1,06:55:09
Drink,2011-06-18 06:56:39,1.25,Saturday,1,06:56:39
Other_Activity,2011-06-18 06:57:58,1.7166666666666666,Saturday,1,06:57:58
Dress,2011-06-18 06:59:41,8.066666666666666,Saturday,1,06:59:41
Other_Activity,2011-06-18 07:07:45,2.2333333333333334,Saturday,1,07:07:45
Phone,2011-06-18 07:09:59,2.683333333333333,Saturday,1,07:09:59
Other_Activity,2011-06-18 07:13:19,1.0666666666666669,Saturday,1,07:13:19
Other_Activity,2011-06-18 07:16:21,1.3,Saturday,1,07:16:21
Cook_Breakfast,2011-06-18 07:17:42,4.033333333333333,Saturday,1,07:17:42
Eat_Breakfast,2011-06-18 07:22:23,10.45,Saturday,1,07:22:23
Read,2011-06-18 07:32:50,172.65,Saturday,1,07:32:50
Wash_Breakfast_Dishes,2011-06-18 10:25:58,1.6166666666666667,Saturday,1,10:25:58
Other_Activity,2011-06-18 10:28:37,1.3166666666666669,Saturday,1,10:28:37
Wash_Breakfast_Dishes,2011-06-18 10:31:13,2.083333333333333,Saturday,1,10:31:13
Other_Activity,2011-06-18 10:33:24,1.1166666666666667,Saturday,1,10:33:24
Wash_Breakfast_Dishes,2011-06-18 10:34:31,1.6,Saturday,1,10:34:31
Other_Activity,2011-06-18 10:36:26,2.35,Saturday,1,10:36:26
Work_On_Computer,2011-06-18 10:38:59,35.3,Saturday,1,10:38:59
Personal_Hygiene,2011-06-18 11:15:08,3.85,Saturday,1,11:15:08
Dress,2011-06-18 11:19:14,5.25,Saturday,1,11:19:14
Work_On_Computer,2011-06-18 11:25:50,38.333333333333336,Saturday,1,11:25:50
Cook_Lunch,2011-06-18 12:04:19,3.883333333333333,Saturday,1,12:04:19
Work_On_Computer,2011-06-18 12:08:20,3.65,Saturday,1,12:08:20
Cook_Lunch,2011-06-18 12:12:08,1.2833333333333334,Saturday,1,12:12:08
Eat_Lunch,2011-06-18 12:13:34,9.6,Saturday,1,12:13:34
Work_On_Computer,2011-06-18 12:23:54,13.516666666666667,Saturday,1,12:23:54
Wash_Lunch_Dishes,2011-06-18 12:37:34,1.25,Saturday,1,12:37:34
Wash_Lunch_Dishes,2011-06-18 12:39:14,2.816666666666667,Saturday,1,12:39:14
Work_On_Computer,2011-06-18 12:42:13,40.16666666666666,Saturday,1,12:42:13
Other_Activity,2011-06-18 13:22:23,1.1333333333333333,Saturday,1,13:22:23
Work_On_Computer,2011-06-18 13:23:31,31.25,Saturday,1,13:23:31
Toilet,2011-06-18 13:56:45,1.1166666666666667,Saturday,1,13:56:45
Read,2011-06-18 13:58:00,48.4,Saturday,1,13:58:00
Relax,2011-06-18 14:46:48,78.53333333333333,Saturday,1,14:46:48
Other_Activity,2011-06-18 16:05:31,3.05,Saturday,1,16:05:31
Dress,2011-06-18 16:08:34,1.55,Saturday,1,16:08:34
Toilet,2011-06-18 16:10:24,1.2666666666666666,Saturday,1,16:10:24
Other_Activity,2011-06-18 16:11:44,1.0833333333333333,Saturday,1,16:11:44
Work_On_Computer,2011-06-18 16:12:49,70.95,Saturday,1,16:12:49
Toilet,2011-06-18 17:24:53,3.85,Saturday,1,17:24:53
Other_Activity,2011-06-18 17:28:46,3.4833333333333334,Saturday,1,17:28:46
Work_At_Desk,2011-06-18 17:32:42,6.033333333333333,Saturday,1,17:32:42
Other_Activity,2011-06-18 17:39:10,260.5,Saturday,1,17:39:10
Work_On_Computer,2011-06-18 22:02:02,12.3,Saturday,1,22:02:02
Work_On_Computer,2011-06-18 22:15:28,4.85,Saturday,1,22:15:28
Work_On_Computer,2011-06-18 22:20:54,3.1666666666666665,Saturday,1,22:20:54
Work_On_Computer,2011-06-18 22:24:51,38.833333333333336,Saturday,1,22:24:51
Other_Activity,2011-06-18 23:03:41,1.7666666666666666,Saturday,1,23:03:41
Groom,2011-06-18 23:06:27,1.8666666666666667,Saturday,1,23:06:27
Dress,2011-06-18 23:08:40,1.9666666666666663,Saturday,1,23:08:40
Watch_TV,2011-06-18 23:10:56,11.283333333333331,Saturday,1,23:10:56
Dress,2011-06-19 06:57:20,3.3,Sunday,1,06:57:20
Drink,2011-06-19 07:00:44,1.3333333333333333,Sunday,1,07:00:44
Read,2011-06-19 07:02:48,9.2,Sunday,1,07:02:48
Other_Activity,2011-06-19 07:12:00,10.25,Sunday,1,07:12:00
Other_Activity,2011-06-19 07:22:25,73.28333333333333,Sunday,1,07:22:25
Toilet,2011-06-19 08:36:22,2.1666666666666665,Sunday,1,08:36:22
Personal_Hygiene,2011-06-19 08:39:06,1.0833333333333333,Sunday,1,08:39:06
Other_Activity,2011-06-19 08:40:16,1.6833333333333331,Sunday,1,08:40:16
Dress,2011-06-19 08:41:59,3.466666666666667,Sunday,1,08:41:59
Other_Activity,2011-06-19 08:45:46,11.95,Sunday,1,08:45:46
Leave_Home,2011-06-19 08:58:40,2.4,Sunday,1,08:58:40
Other_Activity,2011-06-19 09:01:04,56.03333333333333,Sunday,1,09:01:04
Bathe,2011-06-19 09:58:15,9.4,Sunday,1,09:58:15
Groom,2011-06-19 10:07:54,5.25,Sunday,1,10:07:54
Dress,2011-06-19 10:13:30,3.8333333333333335,Sunday,1,10:13:30
Groom,2011-06-19 10:17:39,2.15,Sunday,1,10:17:39
Work_On_Computer,2011-06-19 10:19:55,39.71666666666667,Sunday,1,10:19:55
Other_Activity,2011-06-19 11:00:06,15.933333333333334,Sunday,1,11:00:06
Cook_Lunch,2011-06-19 11:16:14,3.3833333333333333,Sunday,1,11:16:14
Other_Activity,2011-06-19 11:19:37,1.6,Sunday,1,11:19:37
Eat_Lunch,2011-06-19 11:22:12,14.033333333333331,Sunday,1,11:22:12
Work_On_Computer,2011-06-19 11:36:14,15.333333333333334,Sunday,1,11:36:14
Wash_Lunch_Dishes,2011-06-19 11:51:42,1.3,Sunday,1,11:51:42
Work_On_Computer,2011-06-19 11:53:09,24.0,Sunday,1,11:53:09
Work_On_Computer,2011-06-19 12:17:55,64.48333333333333,Sunday,1,12:17:55
Other_Activity,2011-06-19 13:22:24,3.316666666666667,Sunday,1,13:22:24
Other_Activity,2011-06-19 15:09:24,3.216666666666667,Sunday,1,15:09:24
Cook,2011-06-19 15:13:54,2.5,Sunday,1,15:13:54
Eat,2011-06-19 15:16:42,10.383333333333333,Sunday,1,15:16:42
Work_On_Computer,2011-06-19 15:28:16,98.36666666666666,Sunday,1,15:28:16
Watch_TV,2011-06-19 17:06:53,7.9,Sunday,1,17:06:53
Work_On_Computer,2011-06-19 17:15:00,8.866666666666667,Sunday,1,17:15:00
Drink,2011-06-19 17:24:01,1.4833333333333334,Sunday,1,17:24:01
Other_Activity,2011-06-19 17:25:33,1.3666666666666667,Sunday,1,17:25:33
Work_On_Computer,2011-06-19 17:26:56,27.416666666666668,Sunday,1,17:26:56
Cook_Dinner,2011-06-19 17:54:30,4.966666666666667,Sunday,1,17:54:30
Other_Activity,2011-06-19 18:01:10,3.6166666666666663,Sunday,1,18:01:10
Other_Activity,2011-06-19 18:05:30,1.5666666666666669,Sunday,1,18:05:30
Eat_Dinner,2011-06-19 18:08:33,1.3166666666666669,Sunday,1,18:08:33
Other_Activity,2011-06-19 18:09:52,27.83333333333333,Sunday,1,18:09:52
Wash_Dinner_Dishes,2011-06-19 18:39:18,1.0333333333333334,Sunday,1,18:39:18
Toilet,2011-06-19 18:40:24,1.4833333333333334,Sunday,1,18:40:24
Toilet,2011-06-19 18:42:28,1.4833333333333334,Sunday,1,18:42:28
Work_At_Desk,2011-06-19 18:44:06,6.633333333333334,Sunday,1,18:44:06
Other_Activity,2011-06-19 18:51:31,193.81666666666663,Sunday,1,18:51:31
Evening_Meds,2011-06-19 22:05:46,1.1333333333333333,Sunday,1,22:05:46
Work_On_Computer,2011-06-19 22:07:04,31.7,Sunday,1,22:07:04
Personal_Hygiene,2011-06-19 22:39:10,1.2166666666666666,Sunday,1,22:39:10
Dress,2011-06-19 22:40:54,2.4166666666666665,Sunday,1,22:40:54
Other_Activity,2011-06-20 06:27:06,3.583333333333333,Monday,0,06:27:06
Personal_Hygiene,2011-06-20 06:30:41,5.816666666666666,Monday,0,06:30:41
Dress,2011-06-20 06:38:26,3.6,Monday,0,06:38:26
Cook_Breakfast,2011-06-20 06:42:10,5.233333333333333,Monday,0,06:42:10
Eat_Breakfast,2011-06-20 06:47:58,9.133333333333333,Monday,0,06:47:58
Read,2011-06-20 06:58:03,13.416666666666666,Monday,0,06:58:03
Drink,2011-06-20 07:11:39,1.4666666666666666,Monday,0,07:11:39
Read,2011-06-20 07:13:16,77.61666666666666,Monday,0,07:13:16
Toilet,2011-06-20 08:31:34,3.583333333333333,Monday,0,08:31:34
Work_On_Computer,2011-06-20 08:37:19,16.2,Monday,0,08:37:19
Leave_Home,2011-06-20 08:54:02,1.35,Monday,0,08:54:02
Other_Activity,2011-06-20 08:55:23,60.06666666666667,Monday,0,08:55:23
Personal_Hygiene,2011-06-20 09:55:49,6.933333333333334,Monday,0,09:55:49
Dress,2011-06-20 10:03:09,6.616666666666666,Monday,0,10:03:09
Toilet,2011-06-20 10:09:57,1.9,Monday,0,10:09:57
Work_On_Computer,2011-06-20 10:13:30,49.03333333333333,Monday,0,10:13:30
Dress,2011-06-20 11:02:46,1.7166666666666666,Monday,0,11:02:46
Toilet,2011-06-20 11:05:02,2.05,Monday,0,11:05:02
Other_Activity,2011-06-20 11:07:27,1.3666666666666667,Monday,0,11:07:27
Work_At_Desk,2011-06-20 11:09:31,11.883333333333333,Monday,0,11:09:31
Leave_Home,2011-06-20 11:21:30,1.1166666666666667,Monday,0,11:21:30
Other_Activity,2011-06-20 11:22:37,233.35,Monday,0,11:22:37
Work_On_Computer,2011-06-20 15:16:14,12.516666666666667,Monday,0,15:16:14
Toilet,2011-06-20 15:30:00,2.966666666666667,Monday,0,15:30:00
Work_On_Computer,2011-06-20 15:33:07,5.45,Monday,0,15:33:07
Leave_Home,2011-06-20 15:38:41,1.8666666666666667,Monday,0,15:38:41
Other_Activity,2011-06-20 15:40:33,298.45,Monday,0,15:40:33
Other_Activity,2011-06-20 20:40:21,1.5833333333333333,Monday,0,20:40:21
Drink,2011-06-20 20:41:59,1.0833333333333333,Monday,0,20:41:59
Drink,2011-06-20 20:43:21,1.7333333333333334,Monday,0,20:43:21
Step_Out,2011-06-20 20:45:47,4.233333333333333,Monday,0,20:45:47
Work_On_Computer,2011-06-20 20:50:06,1.3666666666666667,Monday,0,20:50:06
Work_On_Computer,2011-06-20 20:51:39,58.46666666666667,Monday,0,20:51:39
Dress,2011-06-20 21:51:16,2.183333333333333,Monday,0,21:51:16
Read,2011-06-20 21:53:27,12.566666666666666,Monday,0,21:53:27
Other_Activity,2011-06-20 22:06:01,7.7,Monday,0,22:06:01
Groom,2011-06-20 22:14:52,3.1666666666666665,Monday,0,22:14:52
Evening_Meds,2011-06-20 22:18:05,1.0166666666666666,Monday,0,22:18:05
Dress,2011-06-20 22:19:39,2.45,Monday,0,22:19:39
Personal_Hygiene,2011-06-21 06:58:27,9.816666666666666,Tuesday,0,06:58:27
Other_Activity,2011-06-21 07:08:49,6.033333333333333,Tuesday,0,07:08:49
Cook_Breakfast,2011-06-21 07:14:53,12.833333333333334,Tuesday,0,07:14:53
Eat_Breakfast,2011-06-21 07:28:57,12.666666666666666,Tuesday,0,07:28:57
Read,2011-06-21 07:41:37,63.43333333333333,Tuesday,0,07:41:37
Toilet,2011-06-21 08:45:44,2.45,Tuesday,0,08:45:44
Leave_Home,2011-06-21 08:49:10,3.283333333333333,Tuesday,0,08:49:10
Other_Activity,2011-06-21 08:52:27,43.9,Tuesday,0,08:52:27
Personal_Hygiene,2011-06-21 09:37:02,1.2166666666666666,Tuesday,0,09:37:02
Bathe,2011-06-21 09:38:15,6.6,Tuesday,0,09:38:15
Groom,2011-06-21 09:45:06,5.066666666666666,Tuesday,0,09:45:06
Dress,2011-06-21 09:50:18,6.666666666666667,Tuesday,0,09:50:18
Groom,2011-06-21 09:57:07,5.066666666666666,Tuesday,0,09:57:07
Other_Activity,2011-06-21 10:02:14,1.7833333333333334,Tuesday,0,10:02:14
Work_On_Computer,2011-06-21 10:04:04,34.55,Tuesday,0,10:04:04
Toilet,2011-06-21 10:39:19,1.4333333333333331,Tuesday,0,10:39:19
Work_On_Computer,2011-06-21 10:41:29,20.05,Tuesday,0,10:41:29
Toilet,2011-06-21 11:02:11,1.3333333333333333,Tuesday,0,11:02:11
Dress,2011-06-21 11:03:39,1.9,Tuesday,0,11:03:39
Dress,2011-06-21 11:05:33,2.4166666666666665,Tuesday,0,11:05:33
Other_Activity,2011-06-21 11:08:58,1.1166666666666667,Tuesday,0,11:08:58
Leave_Home,2011-06-21 11:10:07,5.583333333333333,Tuesday,0,11:10:07
Other_Activity,2011-06-21 11:15:42,508.31666666666666,Tuesday,0,11:15:42
Work_On_Computer,2011-06-21 19:44:16,19.516666666666666,Tuesday,0,19:44:16
Leave_Home,2011-06-21 20:03:54,1.4166666666666667,Tuesday,0,20:03:54
Other_Activity,2011-06-21 20:05:19,10.566666666666666,Tuesday,0,20:05:19
Other_Activity,2011-06-21 20:16:01,1.7166666666666666,Tuesday,0,20:16:01
Work_On_Computer,2011-06-21 20:17:44,27.633333333333333,Tuesday,0,20:17:44
Other_Activity,2011-06-21 20:45:22,1.8833333333333333,Tuesday,0,20:45:22
Dress,2011-06-21 20:47:15,2.183333333333333,Tuesday,0,20:47:15
Toilet,2011-06-21 20:49:34,2.7666666666666666,Tuesday,0,20:49:34
Other_Activity,2011-06-21 20:52:23,1.35,Tuesday,0,20:52:23
Watch_TV,2011-06-21 20:53:44,122.21666666666668,Tuesday,0,20:53:44
Other_Activity,2011-06-22 07:55:12,2.716666666666667,Wednesday,0,07:55:12
Morning_Meds,2011-06-22 07:57:55,4.266666666666667,Wednesday,0,07:57:55
Personal_Hygiene,2011-06-22 08:02:11,8.95,Wednesday,0,08:02:11
Dress,2011-06-22 08:11:19,10.95,Wednesday,0,08:11:19
Personal_Hygiene,2011-06-22 08:22:21,1.3833333333333333,Wednesday,0,08:22:21
Cook_Breakfast,2011-06-22 08:23:51,6.433333333333334,Wednesday,0,08:23:51
Other_Activity,2011-06-22 08:30:56,1.8166666666666669,Wednesday,0,08:30:56
Cook_Breakfast,2011-06-22 08:32:46,1.05,Wednesday,0,08:32:46
Eat_Breakfast,2011-06-22 08:34:04,15.45,Wednesday,0,08:34:04
Read,2011-06-22 08:49:31,49.43333333333333,Wednesday,0,08:49:31
Toilet,2011-06-22 09:39:31,2.2666666666666666,Wednesday,0,09:39:31
Other_Activity,2011-06-22 09:41:48,1.2333333333333334,Wednesday,0,09:41:48
Work_On_Computer,2011-06-22 09:43:02,23.633333333333333,Wednesday,0,09:43:02
Leave_Home,2011-06-22 10:07:00,2.333333333333333,Wednesday,0,10:07:00
Other_Activity,2011-06-22 10:09:20,438.25,Wednesday,0,10:09:20
Work_On_Computer,2011-06-22 17:28:27,31.7,Wednesday,0,17:28:27
Cook_Dinner,2011-06-22 18:00:36,2.75,Wednesday,0,18:00:36
Other_Activity,2011-06-22 18:04:37,2.2333333333333334,Wednesday,0,18:04:37
Other_Activity,2011-06-22 18:07:32,3.716666666666667,Wednesday,0,18:07:32
Watch_TV,2011-06-22 18:11:17,2.25,Wednesday,0,18:11:17
Other_Activity,2011-06-22 18:13:32,42.36666666666667,Wednesday,0,18:13:32
Watch_TV,2011-06-22 18:55:54,11.25,Wednesday,0,18:55:54
Other_Activity,2011-06-22 19:08:47,1.0666666666666669,Wednesday,0,19:08:47
Eat_Dinner,2011-06-22 19:10:03,9.316666666666666,Wednesday,0,19:10:03
Other_Activity,2011-06-22 19:19:39,123.88333333333334,Wednesday,0,19:19:39
Work_On_Computer,2011-06-22 21:24:55,13.633333333333333,Wednesday,0,21:24:55
Leave_Home,2011-06-22 21:38:42,2.2666666666666666,Wednesday,0,21:38:42
Other_Activity,2011-06-22 21:40:58,10.45,Wednesday,0,21:40:58
Other_Activity,2011-06-22 21:51:35,2.9833333333333334,Wednesday,0,21:51:35
Work_At_Table,2011-06-22 21:54:34,26.95,Wednesday,0,21:54:34
Other_Activity,2011-06-22 22:21:31,6.066666666666666,Wednesday,0,22:21:31
Work_On_Computer,2011-06-22 22:27:38,27.633333333333333,Wednesday,0,22:27:38
Drink,2011-06-22 22:56:37,3.4833333333333334,Wednesday,0,22:56:37
Toilet,2011-06-22 23:00:14,2.2666666666666666,Wednesday,0,23:00:14
Other_Activity,2011-06-22 23:03:13,1.2333333333333334,Wednesday,0,23:03:13
Dress,2011-06-22 23:05:32,2.7,Wednesday,0,23:05:32
Watch_TV,2011-06-22 23:08:18,26.6,Wednesday,0,23:08:18
Other_Activity,2011-06-22 23:34:54,21.1,Wednesday,0,23:34:54
Other_Activity,2011-06-23 06:55:14,1.0166666666666666,Thursday,0,06:55:14
Other_Activity,2011-06-23 06:57:09,2.566666666666667,Thursday,0,06:57:09
Morning_Meds,2011-06-23 06:59:43,1.6,Thursday,0,06:59:43
Personal_Hygiene,2011-06-23 07:01:19,6.766666666666667,Thursday,0,07:01:19
Other_Activity,2011-06-23 07:08:07,4.4,Thursday,0,07:08:07
Work_On_Computer,2011-06-23 07:14:15,36.63333333333333,Thursday,0,07:14:15
Cook_Breakfast,2011-06-23 07:51:06,1.7333333333333334,Thursday,0,07:51:06
Other_Activity,2011-06-23 07:54:28,1.6333333333333333,Thursday,0,07:54:28
Eat_Breakfast,2011-06-23 07:56:06,8.533333333333333,Thursday,0,07:56:06
Read,2011-06-23 08:04:38,101.61666666666666,Thursday,0,08:04:38
Personal_Hygiene,2011-06-23 09:46:36,1.8333333333333333,Thursday,0,09:46:36
Bathe,2011-06-23 09:48:26,6.15,Thursday,0,09:48:26
Groom,2011-06-23 09:54:35,3.733333333333333,Thursday,0,09:54:35
Dress,2011-06-23 09:58:35,3.5166666666666666,Thursday,0,09:58:35
Toilet,2011-06-23 10:03:35,1.7,Thursday,0,10:03:35
Work_On_Computer,2011-06-23 10:05:28,87.56666666666666,Thursday,0,10:05:28
Toilet,2011-06-23 11:33:12,2.4,Thursday,0,11:33:12
Leave_Home,2011-06-23 11:38:00,1.8833333333333333,Thursday,0,11:38:00
Other_Activity,2011-06-23 11:39:53,292.7333333333333,Thursday,0,11:39:53
Work_On_Computer,2011-06-23 16:32:49,22.666666666666668,Thursday,0,16:32:49
Other_Activity,2011-06-23 16:56:53,8.25,Thursday,0,16:56:53
Toilet,2011-06-23 17:05:15,2.3833333333333333,Thursday,0,17:05:15
Work_At_Desk,2011-06-23 17:07:50,1.7,Thursday,0,17:07:50
Leave_Home,2011-06-23 17:09:40,2.1333333333333333,Thursday,0,17:09:40
Other_Activity,2011-06-23 17:11:48,288.3833333333333,Thursday,0,17:11:48
Work_On_Computer,2011-06-23 22:00:29,17.716666666666665,Thursday,0,22:00:29
Evening_Meds,2011-06-23 22:18:30,3.2333333333333334,Thursday,0,22:18:30
Other_Activity,2011-06-23 22:21:50,1.0833333333333333,Thursday,0,22:21:50
Dress,2011-06-23 22:22:55,4.483333333333333,Thursday,0,22:22:55
Toilet,2011-06-24 07:08:20,1.8166666666666669,Friday,0,07:08:20
Other_Activity,2011-06-24 07:10:09,1.8,Friday,0,07:10:09
Personal_Hygiene,2011-06-24 07:13:05,6.15,Friday,0,07:13:05
Other_Activity,2011-06-24 07:19:16,2.1666666666666665,Friday,0,07:19:16
Cook_Breakfast,2011-06-24 07:21:26,1.8333333333333333,Friday,0,07:21:26
Dress,2011-06-24 07:23:21,3.216666666666667,Friday,0,07:23:21
Cook_Breakfast,2011-06-24 07:26:39,2.2,Friday,0,07:26:39
Eat_Breakfast,2011-06-24 07:28:58,15.9,Friday,0,07:28:58
Read,2011-06-24 07:45:33,7.65,Friday,0,07:45:33
Work_On_Computer,2011-06-24 07:54:23,20.116666666666667,Friday,0,07:54:23
Work_On_Computer,2011-06-24 08:14:59,35.15,Friday,0,08:14:59
Other_Activity,2011-06-24 08:50:08,1.4833333333333334,Friday,0,08:50:08
Toilet,2011-06-24 08:51:42,1.6666666666666667,Friday,0,08:51:42
Other_Activity,2011-06-24 08:53:25,1.4166666666666667,Friday,0,08:53:25
Leave_Home,2011-06-24 08:55:49,4.116666666666666,Friday,0,08:55:49
Other_Activity,2011-06-24 08:59:56,40.35,Friday,0,08:59:56
Personal_Hygiene,2011-06-24 09:40:38,5.9,Friday,0,09:40:38
Dress,2011-06-24 09:47:21,2.583333333333333,Friday,0,09:47:21
Other_Activity,2011-06-24 09:49:56,2.8,Friday,0,09:49:56
Personal_Hygiene,2011-06-24 09:52:46,2.1,Friday,0,09:52:46
Leave_Home,2011-06-24 09:55:33,1.4666666666666666,Friday,0,09:55:33
Other_Activity,2011-06-24 09:57:01,87.23333333333333,Friday,0,09:57:01
Work_At_Desk,2011-06-24 11:25:20,7.3,Friday,0,11:25:20
Work_At_Desk,2011-06-24 11:33:45,3.583333333333333,Friday,0,11:33:45
Other_Activity,2011-06-24 11:37:23,3.5,Friday,0,11:37:23
Work_On_Computer,2011-06-24 11:40:53,54.15,Friday,0,11:40:53
Work_On_Computer,2011-06-24 12:35:34,9.533333333333331,Friday,0,12:35:34
Work_On_Computer,2011-06-24 12:45:44,23.73333333333333,Friday,0,12:45:44
Toilet,2011-06-24 13:10:15,1.3166666666666669,Friday,0,13:10:15
Work_On_Computer,2011-06-24 13:12:23,119.01666666666668,Friday,0,13:12:23
Read,2011-06-24 15:12:01,29.383333333333333,Friday,0,15:12:01
Toilet,2011-06-24 15:41:39,1.1833333333333331,Friday,0,15:41:39
Work_On_Computer,2011-06-24 15:43:20,11.233333333333333,Friday,0,15:43:20
Leave_Home,2011-06-24 15:55:41,4.066666666666666,Friday,0,15:55:41
Other_Activity,2011-06-24 15:59:45,32.36666666666667,Friday,0,15:59:45
Work_On_Computer,2011-06-24 16:32:23,24.616666666666667,Friday,0,16:32:23
Read,2011-06-24 16:57:27,11.8,Friday,0,16:57:27
Dress,2011-06-24 17:09:15,2.6166666666666667,Friday,0,17:09:15
Personal_Hygiene,2011-06-24 17:12:04,4.633333333333334,Friday,0,17:12:04
Dress,2011-06-24 17:17:10,3.883333333333333,Friday,0,17:17:10
Other_Activity,2011-06-24 17:21:03,1.1333333333333333,Friday,0,17:21:03
Other_Activity,2011-06-24 17:23:17,1.1666666666666667,Friday,0,17:23:17
Step_Out,2011-06-24 17:24:29,3.7,Friday,0,17:24:29
Leave_Home,2011-06-24 17:28:11,1.15,Friday,0,17:28:11
Other_Activity,2011-06-24 17:29:20,271.9833333333333,Friday,0,17:29:20
Work_On_Computer,2011-06-24 22:01:38,37.66666666666666,Friday,0,22:01:38
Personal_Hygiene,2011-06-24 22:40:54,2.55,Friday,0,22:40:54
Dress,2011-06-24 22:43:39,2.7,Friday,0,22:43:39
Other_Activity,2011-06-24 22:46:21,2.8833333333333333,Friday,0,22:46:21
Drink,2011-06-24 22:49:21,2.5,Friday,0,22:49:21
Other_Activity,2011-06-24 22:51:56,2.283333333333333,Friday,0,22:51:56
Watch_TV,2011-06-24 22:54:13,17.516666666666666,Friday,0,22:54:13
Other_Activity,2011-06-25 07:32:33,1.05,Saturday,1,07:32:33
Personal_Hygiene,2011-06-25 07:33:40,14.4,Saturday,1,07:33:40
Dress,2011-06-25 07:48:48,9.133333333333333,Saturday,1,07:48:48
Dress,2011-06-25 07:58:44,1.75,Saturday,1,07:58:44
Toilet,2011-06-25 08:00:39,1.6166666666666667,Saturday,1,08:00:39
Other_Activity,2011-06-25 08:02:21,6.033333333333333,Saturday,1,08:02:21
Cook_Breakfast,2011-06-25 08:09:01,2.2,Saturday,1,08:09:01
Other_Activity,2011-06-25 08:11:25,1.0333333333333334,Saturday,1,08:11:25
Eat_Breakfast,2011-06-25 08:12:30,20.166666666666668,Saturday,1,08:12:30
Work_On_Computer,2011-06-25 08:33:52,23.416666666666668,Saturday,1,08:33:52
Work_On_Computer,2011-06-25 08:59:37,5.8,Saturday,1,08:59:37
Other_Activity,2011-06-25 09:05:25,1.2333333333333334,Saturday,1,09:05:25
Step_Out,2011-06-25 09:07:48,3.0,Saturday,1,09:07:48
Work_On_Computer,2011-06-25 09:11:32,25.616666666666667,Saturday,1,09:11:32
Toilet,2011-06-25 09:37:21,1.0166666666666666,Saturday,1,09:37:21
Dress,2011-06-25 09:38:31,3.783333333333333,Saturday,1,09:38:31
Work_On_Computer,2011-06-25 09:42:48,37.8,Saturday,1,09:42:48
Personal_Hygiene,2011-06-25 10:21:11,3.466666666666667,Saturday,1,10:21:11
Work_On_Computer,2011-06-25 10:25:11,111.65,Saturday,1,10:25:11
Work_On_Computer,2011-06-25 12:18:28,34.96666666666667,Saturday,1,12:18:28
Other_Activity,2011-06-25 12:53:26,1.1166666666666667,Saturday,1,12:53:26
Toilet,2011-06-25 12:54:38,4.116666666666666,Saturday,1,12:54:38
Other_Activity,2011-06-25 12:58:59,2.85,Saturday,1,12:58:59
Read,2011-06-25 13:01:52,10.166666666666666,Saturday,1,13:01:52
Other_Activity,2011-06-25 13:12:02,1.5333333333333334,Saturday,1,13:12:02
Toilet,2011-06-25 13:13:35,1.6166666666666667,Saturday,1,13:13:35
Read,2011-06-25 13:15:55,26.4,Saturday,1,13:15:55
Other_Activity,2011-06-25 13:42:19,2.7,Saturday,1,13:42:19
Other_Activity,2011-06-25 13:45:41,53.03333333333333,Saturday,1,13:45:41
Work_On_Computer,2011-06-25 14:38:56,28.05,Saturday,1,14:38:56
Other_Activity,2011-06-25 15:06:59,1.4833333333333334,Saturday,1,15:06:59
Drink,2011-06-25 15:08:34,1.0666666666666669,Saturday,1,15:08:34
Read,2011-06-25 15:10:24,15.283333333333331,Saturday,1,15:10:24
Drink,2011-06-25 15:26:12,1.5666666666666669,Saturday,1,15:26:12
Read,2011-06-25 15:28:06,27.83333333333333,Saturday,1,15:28:06
Work_On_Computer,2011-06-25 15:56:26,16.55,Saturday,1,15:56:26
Other_Activity,2011-06-25 16:14:29,19.05,Saturday,1,16:14:29
Read,2011-06-25 16:33:32,24.23333333333333,Saturday,1,16:33:32
Wash_Dishes,2011-06-25 16:58:33,4.566666666666666,Saturday,1,16:58:33
Other_Activity,2011-06-25 17:03:08,1.25,Saturday,1,17:03:08
Toilet,2011-06-25 17:04:31,1.4166666666666667,Saturday,1,17:04:31
Work_On_Computer,2011-06-25 17:06:20,24.8,Saturday,1,17:06:20
Cook_Dinner,2011-06-25 17:31:23,9.816666666666666,Saturday,1,17:31:23
Work_On_Computer,2011-06-25 17:41:27,19.516666666666666,Saturday,1,17:41:27
Watch_TV,2011-06-25 18:01:14,23.683333333333334,Saturday,1,18:01:14
Other_Activity,2011-06-25 18:24:58,1.9166666666666667,Saturday,1,18:24:58
Other_Activity,2011-06-25 18:26:57,6.15,Saturday,1,18:26:57
Watch_TV,2011-06-25 18:33:06,8.7,Saturday,1,18:33:06
Cook_Dinner,2011-06-25 18:41:55,5.1,Saturday,1,18:41:55
Other_Activity,2011-06-25 18:47:02,1.5166666666666666,Saturday,1,18:47:02
Cook_Dinner,2011-06-25 18:48:37,2.8666666666666667,Saturday,1,18:48:37
Other_Activity,2011-06-25 18:51:31,2.0,Saturday,1,18:51:31
Cook_Dinner,2011-06-25 18:53:31,3.3666666666666667,Saturday,1,18:53:31
Other_Activity,2011-06-25 18:57:35,28.816666666666663,Saturday,1,18:57:35
Wash_Dinner_Dishes,2011-06-25 19:26:34,4.35,Saturday,1,19:26:34
Other_Activity,2011-06-25 19:31:20,4.15,Saturday,1,19:31:20
Relax,2011-06-25 19:36:09,6.2,Saturday,1,19:36:09
Wash_Dinner_Dishes,2011-06-25 19:42:36,2.4166666666666665,Saturday,1,19:42:36
Watch_TV,2011-06-25 19:45:07,25.6,Saturday,1,19:45:07
Other_Activity,2011-06-25 20:10:46,1.6833333333333331,Saturday,1,20:10:46
Dress,2011-06-25 20:12:30,1.6833333333333331,Saturday,1,20:12:30
Watch_TV,2011-06-25 20:14:58,72.05,Saturday,1,20:14:58
Evening_Meds,2011-06-25 21:27:58,2.0,Saturday,1,21:27:58
Groom,2011-06-25 21:29:58,3.033333333333333,Saturday,1,21:29:58
Work_On_Computer,2011-06-25 21:33:12,15.133333333333333,Saturday,1,21:33:12
Watch_TV,2011-06-25 21:48:37,92.2,Saturday,1,21:48:37
Dress,2011-06-26 07:01:10,1.3666666666666667,Sunday,1,07:01:10
Other_Activity,2011-06-26 07:02:32,1.2666666666666666,Sunday,1,07:02:32
Drink,2011-06-26 07:03:48,3.283333333333333,Sunday,1,07:03:48
Other_Activity,2011-06-26 07:07:30,25.183333333333334,Sunday,1,07:07:30
Other_Activity,2011-06-26 07:32:44,1.1833333333333331,Sunday,1,07:32:44
Other_Activity,2011-06-26 07:34:47,3.1333333333333333,Sunday,1,07:34:47
Read,2011-06-26 07:37:55,8.483333333333333,Sunday,1,07:37:55
Other_Activity,2011-06-26 07:49:44,57.63333333333333,Sunday,1,07:49:44
Toilet,2011-06-26 08:47:57,1.2833333333333334,Sunday,1,08:47:57
Relax,2011-06-26 08:50:19,2.9833333333333334,Sunday,1,08:50:19
Other_Activity,2011-06-26 08:53:18,2.45,Sunday,1,08:53:18
Leave_Home,2011-06-26 08:57:22,2.3666666666666667,Sunday,1,08:57:22
Other_Activity,2011-06-26 08:59:44,65.38333333333334,Sunday,1,08:59:44
Personal_Hygiene,2011-06-26 10:05:42,1.4,Sunday,1,10:05:42
Bathe,2011-06-26 10:07:43,6.083333333333333,Sunday,1,10:07:43
Groom,2011-06-26 10:13:48,5.366666666666666,Sunday,1,10:13:48
Dress,2011-06-26 10:19:31,2.6166666666666667,Sunday,1,10:19:31
Other_Activity,2011-06-26 10:22:15,9.516666666666667,Sunday,1,10:22:15
Toilet,2011-06-26 10:32:02,1.3333333333333333,Sunday,1,10:32:02
Work_On_Computer,2011-06-26 10:33:30,42.43333333333333,Sunday,1,10:33:30
Other_Activity,2011-06-26 11:15:56,1.3666666666666667,Sunday,1,11:15:56
Read,2011-06-26 11:17:18,10.6,Sunday,1,11:17:18
Cook_Lunch,2011-06-26 11:28:07,4.65,Sunday,1,11:28:07
Other_Activity,2011-06-26 11:32:53,13.483333333333333,Sunday,1,11:32:53
Other_Activity,2011-06-26 11:46:25,4.95,Sunday,1,11:46:25
Toilet,2011-06-26 11:51:26,1.2166666666666666,Sunday,1,11:51:26
Other_Activity,2011-06-26 11:52:47,51.766666666666666,Sunday,1,11:52:47
Other_Activity,2011-06-26 12:44:34,1.9166666666666667,Sunday,1,12:44:34
Work_On_Computer,2011-06-26 12:46:32,24.78333333333333,Sunday,1,12:46:32
Other_Activity,2011-06-26 13:12:32,2.6166666666666667,Sunday,1,13:12:32
Phone,2011-06-26 13:15:10,1.2166666666666666,Sunday,1,13:15:10
Other_Activity,2011-06-26 13:16:23,8.066666666666666,Sunday,1,13:16:23
Other_Activity,2011-06-26 13:24:29,1.0666666666666669,Sunday,1,13:24:29
Other_Activity,2011-06-26 13:26:20,1.4,Sunday,1,13:26:20
Read,2011-06-26 13:27:44,82.15,Sunday,1,13:27:44
Wash_Dishes,2011-06-26 14:50:02,1.0833333333333333,Sunday,1,14:50:02
Other_Activity,2011-06-26 14:51:07,1.15,Sunday,1,14:51:07
Watch_TV,2011-06-26 14:54:21,65.15,Sunday,1,14:54:21
Wash_Dishes,2011-06-26 17:05:01,1.3166666666666669,Sunday,1,17:05:01
Other_Activity,2011-06-26 17:06:20,25.816666666666663,Sunday,1,17:06:20
Other_Activity,2011-06-26 17:32:18,3.533333333333333,Sunday,1,17:32:18
Other_Activity,2011-06-26 17:39:11,45.55,Sunday,1,17:39:11
Cook_Dinner,2011-06-26 18:24:53,5.3,Sunday,1,18:24:53
Other_Activity,2011-06-26 18:30:21,13.15,Sunday,1,18:30:21
Other_Activity,2011-06-26 18:46:02,33.016666666666666,Sunday,1,18:46:02
Other_Activity,2011-06-26 19:19:05,1.45,Sunday,1,19:19:05
Other_Activity,2011-06-26 19:20:33,12.9,Sunday,1,19:20:33
Other_Activity,2011-06-26 19:34:20,5.516666666666667,Sunday,1,19:34:20
Work_On_Computer,2011-06-26 19:39:51,14.416666666666666,Sunday,1,19:39:51
Watch_TV,2011-06-26 19:54:32,2.033333333333333,Sunday,1,19:54:32
Other_Activity,2011-06-26 19:56:34,31.65,Sunday,1,19:56:34
Toilet,2011-06-26 20:28:16,1.5,Sunday,1,20:28:16
Work_On_Computer,2011-06-26 20:29:56,43.2,Sunday,1,20:29:56
Watch_TV,2011-06-26 21:13:25,30.65,Sunday,1,21:13:25
Dress,2011-06-26 21:44:10,1.7666666666666666,Sunday,1,21:44:10
Personal_Hygiene,2011-06-26 21:47:29,2.25,Sunday,1,21:47:29
Watch_TV,2011-06-26 21:50:45,66.81666666666666,Sunday,1,21:50:45
Other_Activity,2011-06-26 22:57:34,1.6833333333333331,Sunday,1,22:57:34
Watch_TV,2011-06-26 22:59:15,23.28333333333333,Sunday,1,22:59:15
Personal_Hygiene,2011-06-27 06:39:29,8.266666666666667,Monday,0,06:39:29
Wash_Dishes,2011-06-27 06:48:23,4.333333333333333,Monday,0,06:48:23
Other_Activity,2011-06-27 06:52:43,4.05,Monday,0,06:52:43
Work_On_Computer,2011-06-27 06:56:50,15.566666666666666,Monday,0,06:56:50
Cook_Breakfast,2011-06-27 07:12:37,1.6833333333333331,Monday,0,07:12:37
Eat_Breakfast,2011-06-27 07:15:13,9.016666666666667,Monday,0,07:15:13
Other_Activity,2011-06-27 07:24:14,1.3833333333333333,Monday,0,07:24:14
Read,2011-06-27 07:25:37,60.36666666666667,Monday,0,07:25:37
Toilet,2011-06-27 08:26:34,2.55,Monday,0,08:26:34
Other_Activity,2011-06-27 08:29:10,2.683333333333333,Monday,0,08:29:10
Personal_Hygiene,2011-06-27 08:31:57,1.1666666666666667,Monday,0,08:31:57
Other_Activity,2011-06-27 08:33:25,1.95,Monday,0,08:33:25
Wash_Breakfast_Dishes,2011-06-27 08:36:24,2.333333333333333,Monday,0,08:36:24
Wash_Breakfast_Dishes,2011-06-27 08:39:44,1.15,Monday,0,08:39:44
Work_At_Desk,2011-06-27 08:41:00,4.266666666666667,Monday,0,08:41:00
Other_Activity,2011-06-27 08:45:16,1.5333333333333334,Monday,0,08:45:16
Wash_Dishes,2011-06-27 08:46:48,2.283333333333333,Monday,0,08:46:48
Other_Activity,2011-06-27 08:50:42,63.28333333333333,Monday,0,08:50:42
Personal_Hygiene,2011-06-27 09:54:17,4.916666666666667,Monday,0,09:54:17
Dress,2011-06-27 09:59:34,3.1666666666666665,Monday,0,09:59:34
Toilet,2011-06-27 10:02:59,2.216666666666667,Monday,0,10:02:59
Other_Activity,2011-06-27 10:05:16,1.0166666666666666,Monday,0,10:05:16
Other_Activity,2011-06-27 10:06:29,71.75,Monday,0,10:06:29
Entertain_Guests,2011-06-27 11:18:29,75.96666666666667,Monday,0,11:18:29
Work_On_Computer,2011-06-27 12:34:48,6.683333333333334,Monday,0,12:34:48
Other_Activity,2011-06-27 12:43:05,2.9,Monday,0,12:43:05
Work_On_Computer,2011-06-27 12:45:59,24.95,Monday,0,12:45:59
Other_Activity,2011-06-27 13:11:29,6.366666666666666,Monday,0,13:11:29
Drink,2011-06-27 13:18:07,1.4833333333333334,Monday,0,13:18:07
Personal_Hygiene,2011-06-27 13:20:19,5.566666666666666,Monday,0,13:20:19
Dress,2011-06-27 13:26:05,6.716666666666667,Monday,0,13:26:05
Read,2011-06-27 13:34:35,46.16666666666666,Monday,0,13:34:35
Work_On_Computer,2011-06-27 14:21:48,14.683333333333334,Monday,0,14:21:48
Toilet,2011-06-27 14:36:40,1.3,Monday,0,14:36:40
Leave_Home,2011-06-27 14:38:20,1.0333333333333334,Monday,0,14:38:20
Other_Activity,2011-06-27 14:39:22,231.4833333333333,Monday,0,14:39:22
Other_Activity,2011-06-27 18:31:07,1.65,Monday,0,18:31:07
Other_Activity,2011-06-27 18:33:02,1.2666666666666666,Monday,0,18:33:02
Cook_Dinner,2011-06-27 18:34:18,2.683333333333333,Monday,0,18:34:18
Cook_Dinner,2011-06-27 18:37:55,3.316666666666667,Monday,0,18:37:55
Other_Activity,2011-06-27 18:42:47,15.433333333333334,Monday,0,18:42:47
Wash_Dinner_Dishes,2011-06-27 18:58:17,1.95,Monday,0,18:58:17
Other_Activity,2011-06-27 19:00:42,11.883333333333333,Monday,0,19:00:42
Work_At_Desk,2011-06-27 19:12:35,2.8833333333333333,Monday,0,19:12:35
Other_Activity,2011-06-27 19:17:55,73.05,Monday,0,19:17:55
Work_On_Computer,2011-06-27 20:31:13,29.7,Monday,0,20:31:13
Step_Out,2011-06-27 21:01:01,5.2,Monday,0,21:01:01
Work_On_Computer,2011-06-27 21:06:21,15.833333333333334,Monday,0,21:06:21
Watch_TV,2011-06-27 21:22:29,113.9,Monday,0,21:22:29
Work_On_Computer,2011-06-27 23:17:04,18.633333333333333,Monday,0,23:17:04
Evening_Meds,2011-06-27 23:36:17,1.7166666666666666,Monday,0,23:36:17
Dress,2011-06-27 23:38:46,2.683333333333333,Monday,0,23:38:46
Watch_TV,2011-06-27 23:43:10,29.616666666666667,Monday,0,23:43:10
Personal_Hygiene,2011-06-28 07:20:06,8.683333333333334,Tuesday,0,07:20:06
Dress,2011-06-28 07:29:47,3.6,Tuesday,0,07:29:47
Cook_Breakfast,2011-06-28 07:33:30,3.716666666666667,Tuesday,0,07:33:30
Other_Activity,2011-06-28 07:38:33,3.05,Tuesday,0,07:38:33
Eat_Breakfast,2011-06-28 07:41:36,6.45,Tuesday,0,07:41:36
Wash_Breakfast_Dishes,2011-06-28 07:48:12,1.2166666666666666,Tuesday,0,07:48:12
Read,2011-06-28 07:49:35,48.91666666666666,Tuesday,0,07:49:35
Toilet,2011-06-28 08:38:48,2.0,Tuesday,0,08:38:48
Groom,2011-06-28 08:41:43,2.183333333333333,Tuesday,0,08:41:43
Other_Activity,2011-06-28 08:44:00,1.4166666666666667,Tuesday,0,08:44:00
Other_Activity,2011-06-28 08:45:42,52.31666666666667,Tuesday,0,08:45:42
Bathe,2011-06-28 09:39:51,4.716666666666667,Tuesday,0,09:39:51
Groom,2011-06-28 09:44:34,4.033333333333333,Tuesday,0,09:44:34
Dress,2011-06-28 09:49:13,4.883333333333334,Tuesday,0,09:49:13
Toilet,2011-06-28 09:54:12,2.4,Tuesday,0,09:54:12
Wash_Dishes,2011-06-28 09:56:43,3.633333333333333,Tuesday,0,09:56:43
Work_On_Computer,2011-06-28 10:03:49,44.78333333333333,Tuesday,0,10:03:49
Wash_Dishes,2011-06-28 10:48:51,1.4666666666666666,Tuesday,0,10:48:51
Wash_Dishes,2011-06-28 10:51:23,3.933333333333333,Tuesday,0,10:51:23
Work_On_Computer,2011-06-28 10:55:29,32.46666666666667,Tuesday,0,10:55:29
Drink,2011-06-28 11:28:07,2.1,Tuesday,0,11:28:07
Work_On_Computer,2011-06-28 11:30:20,11.416666666666666,Tuesday,0,11:30:20
Other_Activity,2011-06-28 11:41:45,3.2333333333333334,Tuesday,0,11:41:45
Work_On_Computer,2011-06-28 11:45:02,11.25,Tuesday,0,11:45:02
Other_Activity,2011-06-28 11:56:20,2.5,Tuesday,0,11:56:20
Work_On_Computer,2011-06-28 11:58:52,23.183333333333334,Tuesday,0,11:58:52
Other_Activity,2011-06-28 12:22:03,2.6333333333333333,Tuesday,0,12:22:03
Work_On_Computer,2011-06-28 12:26:15,188.33333333333331,Tuesday,0,12:26:15
Other_Activity,2011-06-28 15:36:15,1.6166666666666667,Tuesday,0,15:36:15
Dress,2011-06-28 15:37:53,1.1666666666666667,Tuesday,0,15:37:53
Leave_Home,2011-06-28 15:39:50,4.533333333333333,Tuesday,0,15:39:50
Other_Activity,2011-06-28 15:44:22,23.58333333333333,Tuesday,0,15:44:22
Work_On_Computer,2011-06-28 16:08:09,13.516666666666667,Tuesday,0,16:08:09
Personal_Hygiene,2011-06-28 16:22:56,1.3333333333333333,Tuesday,0,16:22:56
Cook_Dinner,2011-06-28 16:24:21,4.0,Tuesday,0,16:24:21
Other_Activity,2011-06-28 16:28:22,1.05,Tuesday,0,16:28:22
Watch_TV,2011-06-28 16:29:25,27.866666666666667,Tuesday,0,16:29:25
Cook_Dinner,2011-06-28 16:59:39,3.9166666666666665,Tuesday,0,16:59:39
Other_Activity,2011-06-28 17:03:35,1.8333333333333333,Tuesday,0,17:03:35
Watch_TV,2011-06-28 17:07:03,11.35,Tuesday,0,17:07:03
Cook_Dinner,2011-06-28 17:18:33,5.066666666666666,Tuesday,0,17:18:33
Entertain_Guests,2011-06-28 17:23:37,62.35,Tuesday,0,17:23:37
Leave_Home,2011-06-28 18:26:02,2.0166666666666666,Tuesday,0,18:26:02
Other_Activity,2011-06-28 18:28:03,100.46666666666668,Tuesday,0,18:28:03
Other_Activity,2011-06-28 20:08:41,2.9166666666666665,Tuesday,0,20:08:41
Other_Activity,2011-06-28 20:12:31,19.15,Tuesday,0,20:12:31
Work_On_Computer,2011-06-28 20:31:58,23.316666666666663,Tuesday,0,20:31:58
Dress,2011-06-28 20:55:42,6.283333333333333,Tuesday,0,20:55:42
Cook,2011-06-28 21:03:18,3.75,Tuesday,0,21:03:18
Eat,2011-06-28 21:07:21,3.8333333333333335,Tuesday,0,21:07:21
Other_Activity,2011-06-28 21:11:53,14.383333333333333,Tuesday,0,21:11:53
Work_On_Computer,2011-06-28 21:26:44,13.15,Tuesday,0,21:26:44
Work_On_Computer,2011-06-28 21:40:48,5.0,Tuesday,0,21:40:48
Other_Activity,2011-06-28 21:46:41,2.15,Tuesday,0,21:46:41
Groom,2011-06-28 21:48:55,1.7166666666666666,Tuesday,0,21:48:55
Dress,2011-06-28 21:50:52,1.75,Tuesday,0,21:50:52
Other_Activity,2011-06-28 21:52:37,1.2666666666666666,Tuesday,0,21:52:37
Read,2011-06-28 21:53:53,39.266666666666666,Tuesday,0,21:53:53
Read,2011-06-28 22:33:51,10.033333333333331,Tuesday,0,22:33:51
Personal_Hygiene,2011-06-29 06:58:43,5.116666666666666,Wednesday,0,06:58:43
Bathe,2011-06-29 07:03:50,6.666666666666667,Wednesday,0,07:03:50
Dress,2011-06-29 07:11:55,3.583333333333333,Wednesday,0,07:11:55
Work_On_Computer,2011-06-29 07:16:38,1.3833333333333333,Wednesday,0,07:16:38
Cook_Breakfast,2011-06-29 07:18:11,2.833333333333333,Wednesday,0,07:18:11
Eat_Breakfast,2011-06-29 07:21:14,9.5,Wednesday,0,07:21:14
Read,2011-06-29 07:30:44,19.016666666666666,Wednesday,0,07:30:44
Wash_Breakfast_Dishes,2011-06-29 07:49:53,1.1,Wednesday,0,07:49:53
Work_On_Computer,2011-06-29 07:51:10,54.91666666666666,Wednesday,0,07:51:10
Toilet,2011-06-29 08:46:44,1.5666666666666669,Wednesday,0,08:46:44
Dress,2011-06-29 08:48:41,2.35,Wednesday,0,08:48:41
Toilet,2011-06-29 08:51:12,1.0333333333333334,Wednesday,0,08:51:12
Work_At_Desk,2011-06-29 08:52:32,3.3666666666666667,Wednesday,0,08:52:32
Other_Activity,2011-06-29 08:56:30,82.11666666666666,Wednesday,0,08:56:30
Personal_Hygiene,2011-06-29 10:18:59,6.033333333333333,Wednesday,0,10:18:59
Dress,2011-06-29 10:25:29,5.966666666666667,Wednesday,0,10:25:29
Other_Activity,2011-06-29 10:31:57,2.0,Wednesday,0,10:31:57
Personal_Hygiene,2011-06-29 10:34:01,1.2333333333333334,Wednesday,0,10:34:01
Other_Activity,2011-06-29 10:35:15,5.966666666666667,Wednesday,0,10:35:15
Work_On_Computer,2011-06-29 10:42:14,48.06666666666667,Wednesday,0,10:42:14
Other_Activity,2011-06-29 11:31:07,6.3,Wednesday,0,11:31:07
Cook_Lunch,2011-06-29 11:37:41,2.183333333333333,Wednesday,0,11:37:41
Work_On_Computer,2011-06-29 11:39:59,9.2,Wednesday,0,11:39:59
Cook_Lunch,2011-06-29 11:49:21,1.25,Wednesday,0,11:49:21
Eat_Lunch,2011-06-29 11:51:34,4.35,Wednesday,0,11:51:34
Work_On_Computer,2011-06-29 11:56:50,12.766666666666667,Wednesday,0,11:56:50
Work_On_Computer,2011-06-29 12:10:12,3.1166666666666667,Wednesday,0,12:10:12
Work_On_Computer,2011-06-29 12:13:57,68.81666666666666,Wednesday,0,12:13:57
Other_Activity,2011-06-29 13:27:19,2.85,Wednesday,0,13:27:19
Toilet,2011-06-29 14:28:37,3.6,Wednesday,0,14:28:37
Other_Activity,2011-06-29 14:33:00,7.166666666666667,Wednesday,0,14:33:00
Work_On_Computer,2011-06-29 14:40:10,28.6,Wednesday,0,14:40:10
Leave_Home,2011-06-29 15:10:29,2.283333333333333,Wednesday,0,15:10:29
Other_Activity,2011-06-29 15:12:46,152.35,Wednesday,0,15:12:46
Cook,2011-06-29 17:45:43,7.8,Wednesday,0,17:45:43
Eat,2011-06-29 17:54:21,2.933333333333333,Wednesday,0,17:54:21
Watch_TV,2011-06-29 17:57:48,2.1166666666666667,Wednesday,0,17:57:48
Other_Activity,2011-06-29 17:59:55,19.616666666666667,Wednesday,0,17:59:55
Wash_Dishes,2011-06-29 18:19:44,2.083333333333333,Wednesday,0,18:19:44
Watch_TV,2011-06-29 18:21:56,2.5166666666666666,Wednesday,0,18:21:56
Other_Activity,2011-06-29 18:24:27,2.25,Wednesday,0,18:24:27
Toilet,2011-06-29 18:27:39,1.2,Wednesday,0,18:27:39
Other_Activity,2011-06-29 18:28:59,34.93333333333333,Wednesday,0,18:28:59
Watch_TV,2011-06-29 19:03:55,8.083333333333334,Wednesday,0,19:03:55
Toilet,2011-06-29 19:12:49,1.0333333333333334,Wednesday,0,19:12:49
Other_Activity,2011-06-29 19:15:15,85.7,Wednesday,0,19:15:15
Work_On_Computer,2011-06-29 20:41:33,25.58333333333333,Wednesday,0,20:41:33
Step_Out,2011-06-29 21:07:17,1.4166666666666667,Wednesday,0,21:07:17
Work_On_Computer,2011-06-29 21:08:48,28.73333333333333,Wednesday,0,21:08:48
Groom,2011-06-29 21:37:49,3.2,Wednesday,0,21:37:49
Dress,2011-06-29 21:42:46,1.3166666666666669,Wednesday,0,21:42:46
Personal_Hygiene,2011-06-30 06:44:22,12.366666666666667,Thursday,0,06:44:22
Dress,2011-06-30 06:57:54,3.2,Thursday,0,06:57:54
Drink,2011-06-30 07:01:20,3.6,Thursday,0,07:01:20
Read,2011-06-30 07:05:45,36.55,Thursday,0,07:05:45
Drink,2011-06-30 07:42:25,1.9,Thursday,0,07:42:25
Read,2011-06-30 07:44:27,77.8,Thursday,0,07:44:27
Groom,2011-06-30 09:02:49,7.033333333333333,Thursday,0,09:02:49
Dress,2011-06-30 09:10:35,3.333333333333333,Thursday,0,09:10:35
Other_Activity,2011-06-30 09:13:55,1.2333333333333334,Thursday,0,09:13:55
Toilet,2011-06-30 09:15:09,2.05,Thursday,0,09:15:09
Leave_Home,2011-06-30 09:17:42,3.15,Thursday,0,09:17:42
Other_Activity,2011-06-30 09:20:51,99.11666666666666,Thursday,0,09:20:51
Toilet,2011-06-30 11:00:18,2.25,Thursday,0,11:00:18
Work_At_Desk,2011-06-30 11:03:23,2.783333333333333,Thursday,0,11:03:23
Other_Activity,2011-06-30 11:07:18,175.4,Thursday,0,11:07:18
Work_On_Computer,2011-06-30 14:03:00,20.78333333333333,Thursday,0,14:03:00
Work_On_Computer,2011-06-30 14:24:40,1.45,Thursday,0,14:24:40
Dress,2011-06-30 14:27:23,2.9833333333333334,Thursday,0,14:27:23
Leave_Home,2011-06-30 14:31:22,4.7,Thursday,0,14:31:22
Other_Activity,2011-06-30 14:36:04,18.48333333333333,Thursday,0,14:36:04
Leave_Home,2011-06-30 14:55:47,3.55,Thursday,0,14:55:47
Other_Activity,2011-06-30 14:59:20,77.61666666666666,Thursday,0,14:59:20
Wash_Dishes,2011-06-30 16:17:16,3.9166666666666665,Thursday,0,16:17:16
Wash_Dishes,2011-06-30 16:21:46,1.4166666666666667,Thursday,0,16:21:46
Other_Activity,2011-06-30 16:23:17,1.0833333333333333,Thursday,0,16:23:17
Work_On_Computer,2011-06-30 16:25:27,19.98333333333333,Thursday,0,16:25:27
Watch_TV,2011-06-30 16:46:00,20.2,Thursday,0,16:46:00
Other_Activity,2011-06-30 17:06:12,1.2666666666666666,Thursday,0,17:06:12
Wash_Dishes,2011-06-30 17:07:29,1.7333333333333334,Thursday,0,17:07:29
Work_At_Table,2011-06-30 17:09:25,2.783333333333333,Thursday,0,17:09:25
Other_Activity,2011-06-30 17:14:17,2.6666666666666665,Thursday,0,17:14:17
Work_At_Table,2011-06-30 17:16:57,6.366666666666666,Thursday,0,17:16:57
Work_At_Table,2011-06-30 17:24:16,12.366666666666667,Thursday,0,17:24:16
Entertain_Guests,2011-06-30 17:36:38,51.9,Thursday,0,17:36:38
Other_Activity,2011-06-30 18:29:04,110.53333333333332,Thursday,0,18:29:04
Entertain_Guests,2011-06-30 20:19:53,57.68333333333333,Thursday,0,20:19:53
Leave_Home,2011-06-30 21:17:36,4.3,Thursday,0,21:17:36
Other_Activity,2011-06-30 21:21:54,5.8,Thursday,0,21:21:54
Evening_Meds,2011-06-30 21:28:00,1.8666666666666667,Thursday,0,21:28:00
Other_Activity,2011-06-30 21:29:55,2.5166666666666666,Thursday,0,21:29:55
Work_On_Computer,2011-06-30 21:32:26,63.23333333333333,Thursday,0,21:32:26
Other_Activity,2011-06-30 22:35:40,2.433333333333333,Thursday,0,22:35:40
Watch_TV,2011-06-30 22:38:06,14.216666666666669,Thursday,0,22:38:06
Dress,2011-06-30 22:52:24,1.3666666666666667,Thursday,0,22:52:24
Groom,2011-06-30 22:54:02,3.0166666666666666,Thursday,0,22:54:02
Dress,2011-06-30 22:57:17,1.7,Thursday,0,22:57:17
Personal_Hygiene,2011-07-01 07:10:36,6.533333333333333,Friday,0,07:10:36
Other_Activity,2011-07-01 07:17:46,1.5333333333333334,Friday,0,07:17:46
Dress,2011-07-01 07:19:18,4.816666666666666,Friday,0,07:19:18
Cook_Breakfast,2011-07-01 07:24:59,3.5,Friday,0,07:24:59
Cook_Breakfast,2011-07-01 07:28:49,1.25,Friday,0,07:28:49
Eat_Breakfast,2011-07-01 07:30:49,16.6,Friday,0,07:30:49
Read,2011-07-01 07:47:25,64.15,Friday,0,07:47:25
Other_Activity,2011-07-01 08:53:33,1.3333333333333333,Friday,0,08:53:33
Other_Activity,2011-07-01 08:57:16,58.91666666666666,Friday,0,08:57:16
Groom,2011-07-01 09:56:33,8.5,Friday,0,09:56:33
Dress,2011-07-01 10:05:21,6.033333333333333,Friday,0,10:05:21
Groom,2011-07-01 10:12:07,2.85,Friday,0,10:12:07
Work_On_Computer,2011-07-01 10:15:28,24.766666666666666,Friday,0,10:15:28
Leave_Home,2011-07-01 10:40:42,4.1,Friday,0,10:40:42
Other_Activity,2011-07-01 10:44:48,157.35,Friday,0,10:44:48
Other_Activity,2011-07-01 13:22:26,2.6,Friday,0,13:22:26
Work_At_Desk,2011-07-01 13:25:02,5.033333333333333,Friday,0,13:25:02
Other_Activity,2011-07-01 13:30:04,1.5166666666666666,Friday,0,13:30:04
Work_On_Computer,2011-07-01 13:31:35,41.8,Friday,0,13:31:35
Leave_Home,2011-07-01 14:13:57,1.8666666666666667,Friday,0,14:13:57
Other_Activity,2011-07-01 14:15:49,6.583333333333333,Friday,0,14:15:49
Other_Activity,2011-07-01 14:22:33,2.25,Friday,0,14:22:33
Read,2011-07-01 14:24:48,16.85,Friday,0,14:24:48
Other_Activity,2011-07-01 14:41:39,2.25,Friday,0,14:41:39
Work_On_Computer,2011-07-01 14:43:54,44.3,Friday,0,14:43:54
Other_Activity,2011-07-01 15:29:13,1.15,Friday,0,15:29:13
Read,2011-07-01 15:30:24,34.0,Friday,0,15:30:24
Other_Activity,2011-07-01 16:04:24,2.5,Friday,0,16:04:24
Watch_TV,2011-07-01 16:06:54,63.96666666666667,Friday,0,16:06:54
Toilet,2011-07-01 17:11:17,2.7666666666666666,Friday,0,17:11:17
Dress,2011-07-01 17:14:10,1.4666666666666666,Friday,0,17:14:10
Watch_TV,2011-07-01 17:15:38,41.73333333333333,Friday,0,17:15:38
Wash_Dishes,2011-07-01 17:57:41,2.85,Friday,0,17:57:41
Watch_TV,2011-07-01 18:02:24,3.4,Friday,0,18:02:24
Other_Activity,2011-07-01 18:05:48,13.65,Friday,0,18:05:48
Wash_Dishes,2011-07-01 18:19:38,2.183333333333333,Friday,0,18:19:38
Toilet,2011-07-01 18:21:55,1.1333333333333333,Friday,0,18:21:55
Work_On_Computer,2011-07-01 18:23:25,7.683333333333334,Friday,0,18:23:25
Other_Activity,2011-07-01 18:33:01,35.11666666666667,Friday,0,18:33:01
Toilet,2011-07-01 19:08:08,1.7166666666666666,Friday,0,19:08:08
Other_Activity,2011-07-01 19:10:54,192.21666666666667,Friday,0,19:10:54
Work_On_Computer,2011-07-01 22:23:29,18.95,Friday,0,22:23:29
Work_On_Computer,2011-07-01 22:43:27,19.566666666666663,Friday,0,22:43:27
Toilet,2011-07-01 23:03:44,2.05,Friday,0,23:03:44
Dress,2011-07-01 23:06:31,5.266666666666667,Friday,0,23:06:31
Other_Activity,2011-07-02 07:06:38,1.3333333333333333,Saturday,1,07:06:38
Personal_Hygiene,2011-07-02 07:07:58,11.6,Saturday,1,07:07:58
Dress,2011-07-02 07:19:45,4.666666666666667,Saturday,1,07:19:45
Personal_Hygiene,2011-07-02 07:24:50,3.4166666666666665,Saturday,1,07:24:50
Dress,2011-07-02 07:28:26,5.616666666666666,Saturday,1,07:28:26
Cook_Breakfast,2011-07-02 07:35:01,8.916666666666666,Saturday,1,07:35:01
Eat_Breakfast,2011-07-02 07:44:46,2.316666666666667,Saturday,1,07:44:46
Eat_Breakfast,2011-07-02 07:48:11,13.933333333333334,Saturday,1,07:48:11
Wash_Breakfast_Dishes,2011-07-02 08:02:27,1.3333333333333333,Saturday,1,08:02:27
Work_On_Computer,2011-07-02 08:03:59,138.7,Saturday,1,08:03:59
Wash_Breakfast_Dishes,2011-07-02 10:23:00,2.5166666666666666,Saturday,1,10:23:00
Other_Activity,2011-07-02 10:26:39,1.2833333333333334,Saturday,1,10:26:39
Work_On_Computer,2011-07-02 10:29:12,2.4166666666666665,Saturday,1,10:29:12
Work_On_Computer,2011-07-02 10:31:53,33.766666666666666,Saturday,1,10:31:53
Wash_Breakfast_Dishes,2011-07-02 11:06:21,2.8666666666666667,Saturday,1,11:06:21
Work_On_Computer,2011-07-02 11:09:33,55.3,Saturday,1,11:09:33
Cook_Lunch,2011-07-02 12:05:04,2.716666666666667,Saturday,1,12:05:04
Eat_Lunch,2011-07-02 12:07:53,12.2,Saturday,1,12:07:53
Work_On_Computer,2011-07-02 12:21:34,193.5,Saturday,1,12:21:34
Toilet,2011-07-02 15:35:17,1.0166666666666666,Saturday,1,15:35:17
Leave_Home,2011-07-02 15:37:08,4.233333333333333,Saturday,1,15:37:08
Other_Activity,2011-07-02 15:41:22,22.53333333333333,Saturday,1,15:41:22
Drink,2011-07-02 16:04:09,4.35,Saturday,1,16:04:09
Work_At_Desk,2011-07-02 16:08:39,6.8,Saturday,1,16:08:39
Other_Activity,2011-07-02 16:15:27,1.0333333333333334,Saturday,1,16:15:27
Work_On_Computer,2011-07-02 16:16:29,33.45,Saturday,1,16:16:29
Other_Activity,2011-07-02 16:49:56,2.2,Saturday,1,16:49:56
Watch_TV,2011-07-02 16:52:08,8.1,Saturday,1,16:52:08
Work_On_Computer,2011-07-02 17:00:45,12.666666666666666,Saturday,1,17:00:45
Work_On_Computer,2011-07-02 17:14:13,2.533333333333333,Saturday,1,17:14:13
Watch_TV,2011-07-02 17:17:41,35.516666666666666,Saturday,1,17:17:41
Cook_Dinner,2011-07-02 17:53:24,5.816666666666666,Saturday,1,17:53:24
Eat_Dinner,2011-07-02 17:59:54,2.7,Saturday,1,17:59:54
Other_Activity,2011-07-02 18:02:36,10.05,Saturday,1,18:02:36
Wash_Dinner_Dishes,2011-07-02 18:12:39,1.2833333333333334,Saturday,1,18:12:39
Watch_TV,2011-07-02 18:14:48,1.4833333333333334,Saturday,1,18:14:48
Other_Activity,2011-07-02 18:16:17,29.316666666666663,Saturday,1,18:16:17
Other_Activity,2011-07-02 18:46:09,2.1666666666666665,Saturday,1,18:46:09
Watch_TV,2011-07-02 18:48:19,35.2,Saturday,1,18:48:19
Other_Activity,2011-07-02 19:25:47,2.316666666666667,Saturday,1,19:25:47
Watch_TV,2011-07-02 19:29:08,51.75,Saturday,1,19:29:08
Drink,2011-07-02 20:21:06,1.45,Saturday,1,20:21:06
Watch_TV,2011-07-02 20:23:24,36.91666666666666,Saturday,1,20:23:24
Dress,2011-07-02 21:00:26,1.4,Saturday,1,21:00:26
Other_Activity,2011-07-02 21:02:11,1.3666666666666667,Saturday,1,21:02:11
Evening_Meds,2011-07-02 21:03:33,1.15,Saturday,1,21:03:33
Watch_TV,2011-07-02 21:05:40,89.2,Saturday,1,21:05:40
Personal_Hygiene,2011-07-03 06:40:45,8.083333333333334,Sunday,1,06:40:45
Dress,2011-07-03 06:49:49,3.733333333333333,Sunday,1,06:49:49
Read,2011-07-03 06:54:30,8.3,Sunday,1,06:54:30
Cook_Breakfast,2011-07-03 07:02:55,3.05,Sunday,1,07:02:55
Eat_Breakfast,2011-07-03 07:06:04,18.53333333333333,Sunday,1,07:06:04
Watch_TV,2011-07-03 07:25:39,33.9,Sunday,1,07:25:39
Toilet,2011-07-03 07:59:59,1.7166666666666666,Sunday,1,07:59:59
Relax,2011-07-03 08:01:49,54.05,Sunday,1,08:01:49
Groom,2011-07-03 08:56:19,2.333333333333333,Sunday,1,08:56:19
Other_Activity,2011-07-03 08:59:48,61.68333333333333,Sunday,1,08:59:48
Toilet,2011-07-03 10:02:43,2.45,Sunday,1,10:02:43
Other_Activity,2011-07-03 10:06:58,5.516666666666667,Sunday,1,10:06:58
Personal_Hygiene,2011-07-03 10:12:29,5.366666666666666,Sunday,1,10:12:29
Dress,2011-07-03 10:18:26,3.0,Sunday,1,10:18:26
Other_Activity,2011-07-03 10:21:34,18.48333333333333,Sunday,1,10:21:34
Toilet,2011-07-03 10:40:51,1.7333333333333334,Sunday,1,10:40:51
Work_On_Computer,2011-07-03 10:43:29,46.4,Sunday,1,10:43:29
Leave_Home,2011-07-03 11:29:59,1.35,Sunday,1,11:29:59
Other_Activity,2011-07-03 11:31:20,44.16666666666666,Sunday,1,11:31:20
Toilet,2011-07-03 12:16:01,1.8833333333333333,Sunday,1,12:16:01
Other_Activity,2011-07-03 12:17:55,1.5,Sunday,1,12:17:55
Cook_Lunch,2011-07-03 12:19:25,4.95,Sunday,1,12:19:25
Other_Activity,2011-07-03 12:24:26,3.35,Sunday,1,12:24:26
Cook_Lunch,2011-07-03 12:27:47,1.9333333333333331,Sunday,1,12:27:47
Eat_Lunch,2011-07-03 12:29:50,8.25,Sunday,1,12:29:50
Work_On_Computer,2011-07-03 12:39:23,67.66666666666667,Sunday,1,12:39:23
Other_Activity,2011-07-03 13:47:03,1.2166666666666666,Sunday,1,13:47:03
Read,2011-07-03 13:48:16,10.716666666666669,Sunday,1,13:48:16
Drink,2011-07-03 13:59:25,2.216666666666667,Sunday,1,13:59:25
Other_Activity,2011-07-03 14:03:04,30.35,Sunday,1,14:03:04
Other_Activity,2011-07-03 14:55:11,1.2,Sunday,1,14:55:11
Read,2011-07-03 14:56:23,52.7,Sunday,1,14:56:23
Other_Activity,2011-07-03 15:49:17,2.0166666666666666,Sunday,1,15:49:17
Toilet,2011-07-03 15:51:38,2.716666666666667,Sunday,1,15:51:38
Other_Activity,2011-07-03 15:54:21,1.5,Sunday,1,15:54:21
Watch_TV,2011-07-03 15:55:51,146.46666666666667,Sunday,1,15:55:51
Step_Out,2011-07-03 18:23:11,6.2,Sunday,1,18:23:11
Other_Activity,2011-07-03 18:29:23,2.333333333333333,Sunday,1,18:29:23
Step_Out,2011-07-03 18:31:43,1.3,Sunday,1,18:31:43
Other_Activity,2011-07-03 18:33:01,1.4666666666666666,Sunday,1,18:33:01
Other_Activity,2011-07-03 18:34:48,6.133333333333334,Sunday,1,18:34:48
Cook_Dinner,2011-07-03 18:41:14,4.033333333333333,Sunday,1,18:41:14
Cook_Dinner,2011-07-03 18:45:42,3.466666666666667,Sunday,1,18:45:42
Other_Activity,2011-07-03 18:49:14,1.1333333333333333,Sunday,1,18:49:14
Other_Activity,2011-07-03 18:50:23,45.81666666666667,Sunday,1,18:50:23
Step_Out,2011-07-03 19:36:21,3.6,Sunday,1,19:36:21
Wash_Dinner_Dishes,2011-07-03 19:40:18,2.1166666666666667,Sunday,1,19:40:18
Other_Activity,2011-07-03 19:42:37,21.616666666666667,Sunday,1,19:42:37
Watch_TV,2011-07-03 20:04:14,35.65,Sunday,1,20:04:14
Other_Activity,2011-07-03 20:41:32,4.566666666666666,Sunday,1,20:41:32
Watch_TV,2011-07-03 20:46:28,55.25,Sunday,1,20:46:28
Drink,2011-07-03 21:43:58,1.8333333333333333,Sunday,1,21:43:58
Watch_TV,2011-07-03 21:46:00,12.983333333333333,Sunday,1,21:46:00
Dress,2011-07-03 21:59:06,6.983333333333333,Sunday,1,21:59:06
Evening_Meds,2011-07-03 22:06:19,1.0166666666666666,Sunday,1,22:06:19
Read,2011-07-03 22:07:29,30.966666666666665,Sunday,1,22:07:29
Watch_TV,2011-07-03 22:40:00,77.46666666666667,Sunday,1,22:40:00
Bed_Toilet_Transition,2011-07-04 06:53:27,4.266666666666667,Monday,0,06:53:27
Drink,2011-07-04 07:08:47,1.3,Monday,0,07:08:47
Read,2011-07-04 07:11:25,5.183333333333334,Monday,0,07:11:25
Cook_Breakfast,2011-07-04 07:16:44,2.95,Monday,0,07:16:44
Eat_Breakfast,2011-07-04 07:19:49,18.516666666666666,Monday,0,07:19:49
Read,2011-07-04 07:38:20,65.25,Monday,0,07:38:20
Personal_Hygiene,2011-07-04 08:44:46,3.566666666666667,Monday,0,08:44:46
Other_Activity,2011-07-04 08:48:34,1.4833333333333334,Monday,0,08:48:34
Other_Activity,2011-07-04 08:51:28,62.06666666666667,Monday,0,08:51:28
Personal_Hygiene,2011-07-04 09:53:46,8.583333333333334,Monday,0,09:53:46
Dress,2011-07-04 10:02:54,2.85,Monday,0,10:02:54
Other_Activity,2011-07-04 10:05:45,4.566666666666666,Monday,0,10:05:45
Work_On_Computer,2011-07-04 10:10:19,10.7,Monday,0,10:10:19
Toilet,2011-07-04 10:21:49,1.35,Monday,0,10:21:49
Step_Out,2011-07-04 10:24:16,2.083333333333333,Monday,0,10:24:16
Work,2011-07-04 10:26:26,3.966666666666667,Monday,0,10:26:26
Other_Activity,2011-07-04 10:31:16,24.916666666666668,Monday,0,10:31:16
Wash_Breakfast_Dishes,2011-07-04 10:56:40,3.033333333333333,Monday,0,10:56:40
Work_On_Computer,2011-07-04 10:59:49,15.9,Monday,0,10:59:49
Cook_Lunch,2011-07-04 11:16:41,42.65,Monday,0,11:16:41
Cook_Lunch,2011-07-04 11:59:42,10.016666666666667,Monday,0,11:59:42
Eat_Lunch,2011-07-04 12:09:50,9.683333333333334,Monday,0,12:09:50
Wash_Lunch_Dishes,2011-07-04 12:19:40,1.65,Monday,0,12:19:40
Other_Activity,2011-07-04 12:21:22,1.1,Monday,0,12:21:22
Work_On_Computer,2011-07-04 12:23:52,32.18333333333333,Monday,0,12:23:52
Drink,2011-07-04 12:56:18,1.2166666666666666,Monday,0,12:56:18
Work_On_Computer,2011-07-04 12:58:04,6.366666666666666,Monday,0,12:58:04
Leave_Home,2011-07-04 13:05:01,6.683333333333334,Monday,0,13:05:01
Other_Activity,2011-07-04 13:11:42,12.833333333333334,Monday,0,13:11:42
Work_On_Computer,2011-07-04 13:24:50,31.58333333333333,Monday,0,13:24:50
Other_Activity,2011-07-04 13:56:28,1.6333333333333333,Monday,0,13:56:28
Read,2011-07-04 13:58:29,15.9,Monday,0,13:58:29
Other_Activity,2011-07-04 14:14:23,1.0666666666666669,Monday,0,14:14:23
Dress,2011-07-04 14:15:27,1.7166666666666666,Monday,0,14:15:27
Toilet,2011-07-04 14:17:24,1.2333333333333334,Monday,0,14:17:24
Wash_Dishes,2011-07-04 14:19:28,1.8166666666666669,Monday,0,14:19:28
Work,2011-07-04 14:21:34,2.466666666666667,Monday,0,14:21:34
Other_Activity,2011-07-04 14:24:04,1.3833333333333333,Monday,0,14:24:04
Step_Out,2011-07-04 14:25:27,4.233333333333333,Monday,0,14:25:27
Other_Activity,2011-07-04 14:30:19,3.6666666666666665,Monday,0,14:30:19
Drink,2011-07-04 14:34:49,1.95,Monday,0,14:34:49
Work_On_Computer,2011-07-04 14:37:43,16.533333333333335,Monday,0,14:37:43
Other_Activity,2011-07-04 14:54:15,1.05,Monday,0,14:54:15
Watch_TV,2011-07-04 14:55:21,1.65,Monday,0,14:55:21
Other_Activity,2011-07-04 14:57:00,7.75,Monday,0,14:57:00
Other_Activity,2011-07-04 15:05:11,23.55,Monday,0,15:05:11
Other_Activity,2011-07-04 15:29:23,13.55,Monday,0,15:29:23
Work_On_Computer,2011-07-04 15:42:56,20.633333333333333,Monday,0,15:42:56
Watch_TV,2011-07-04 16:03:49,4.6,Monday,0,16:03:49
Other_Activity,2011-07-04 16:08:25,15.083333333333334,Monday,0,16:08:25
Other_Activity,2011-07-04 16:23:32,2.933333333333333,Monday,0,16:23:32
Watch_TV,2011-07-04 16:26:35,7.316666666666666,Monday,0,16:26:35
Personal_Hygiene,2011-07-04 16:34:08,6.0,Monday,0,16:34:08
Dress,2011-07-04 16:40:20,1.6333333333333333,Monday,0,16:40:20
Work_On_Computer,2011-07-04 16:42:33,10.666666666666666,Monday,0,16:42:33
Other_Activity,2011-07-04 16:54:16,1.0833333333333333,Monday,0,16:54:16
Work_On_Computer,2011-07-04 16:55:21,2.783333333333333,Monday,0,16:55:21
Other_Activity,2011-07-04 16:58:08,5.366666666666666,Monday,0,16:58:08
Other_Activity,2011-07-04 17:03:42,10.233333333333333,Monday,0,17:03:42
Wash_Dishes,2011-07-04 17:13:58,4.433333333333334,Monday,0,17:13:58
Other_Activity,2011-07-04 17:18:24,14.016666666666667,Monday,0,17:18:24
Other_Activity,2011-07-04 17:33:13,1.1333333333333333,Monday,0,17:33:13
Leave_Home,2011-07-04 17:34:25,3.983333333333333,Monday,0,17:34:25
Other_Activity,2011-07-04 17:38:24,335.3833333333333,Monday,0,17:38:24
Other_Activity,2011-07-04 23:13:59,1.1,Monday,0,23:13:59
Wash_Dishes,2011-07-04 23:15:08,2.5166666666666666,Monday,0,23:15:08
Work_On_Computer,2011-07-04 23:17:50,26.183333333333334,Monday,0,23:17:50
Dress,2011-07-04 23:44:21,3.2666666666666666,Monday,0,23:44:21
Watch_TV,2011-07-04 23:47:49,7.716666666666667,Monday,0,23:47:49
Dress,2011-07-04 23:55:51,1.7333333333333334,Monday,0,23:55:51
Personal_Hygiene,2011-07-05 07:03:55,7.466666666666667,Tuesday,0,07:03:55
Drink,2011-07-05 07:12:57,2.4166666666666665,Tuesday,0,07:12:57
Dress,2011-07-05 07:15:29,2.6,Tuesday,0,07:15:29
Read,2011-07-05 07:18:52,45.25,Tuesday,0,07:18:52
Other_Activity,2011-07-05 08:04:07,1.8166666666666669,Tuesday,0,08:04:07
Work_On_Computer,2011-07-05 08:05:59,34.0,Tuesday,0,08:05:59
Toilet,2011-07-05 08:40:44,3.4833333333333334,Tuesday,0,08:40:44
Other_Activity,2011-07-05 08:44:15,1.05,Tuesday,0,08:44:15
Leave_Home,2011-07-05 08:45:20,1.5333333333333334,Tuesday,0,08:45:20
Other_Activity,2011-07-05 08:46:52,51.333333333333336,Tuesday,0,08:46:52
Other_Activity,2011-07-05 09:38:54,1.1,Tuesday,0,09:38:54
Work_On_Computer,2011-07-05 09:40:00,19.916666666666668,Tuesday,0,09:40:00
Bathe,2011-07-05 10:00:21,6.716666666666667,Tuesday,0,10:00:21
Groom,2011-07-05 10:07:04,3.85,Tuesday,0,10:07:04
Dress,2011-07-05 10:11:19,4.933333333333334,Tuesday,0,10:11:19
Groom,2011-07-05 10:16:23,2.0,Tuesday,0,10:16:23
Work_On_Computer,2011-07-05 10:19:08,28.883333333333333,Tuesday,0,10:19:08
Other_Activity,2011-07-05 10:48:01,2.9166666666666665,Tuesday,0,10:48:01
Step_Out,2011-07-05 10:50:59,1.35,Tuesday,0,10:50:59
Work_On_Computer,2011-07-05 10:52:26,47.18333333333333,Tuesday,0,10:52:26
Cook_Lunch,2011-07-05 11:39:47,2.4166666666666665,Tuesday,0,11:39:47
Cook_Lunch,2011-07-05 11:44:48,5.933333333333334,Tuesday,0,11:44:48
Eat_Lunch,2011-07-05 11:50:51,7.283333333333333,Tuesday,0,11:50:51
Other_Activity,2011-07-05 11:58:11,1.65,Tuesday,0,11:58:11
Work_On_Computer,2011-07-05 11:59:50,51.71666666666667,Tuesday,0,11:59:50
Wash_Lunch_Dishes,2011-07-05 12:52:20,1.35,Tuesday,0,12:52:20
Toilet,2011-07-05 12:53:47,1.8166666666666669,Tuesday,0,12:53:47
Wash_Lunch_Dishes,2011-07-05 12:55:48,1.85,Tuesday,0,12:55:48
Work_On_Computer,2011-07-05 12:58:15,16.133333333333333,Tuesday,0,12:58:15
Wash_Lunch_Dishes,2011-07-05 13:14:56,1.3,Tuesday,0,13:14:56
Drink,2011-07-05 13:16:43,1.2833333333333334,Tuesday,0,13:16:43
Work_On_Computer,2011-07-05 13:18:53,9.8,Tuesday,0,13:18:53
Other_Activity,2011-07-05 13:28:41,1.1333333333333333,Tuesday,0,13:28:41
Entertain_Guests,2011-07-05 13:29:49,87.95,Tuesday,0,13:29:49
Other_Activity,2011-07-05 14:57:46,3.7,Tuesday,0,14:57:46
Phone,2011-07-05 15:01:28,1.6,Tuesday,0,15:01:28
Work_At_Desk,2011-07-05 15:04:45,13.833333333333334,Tuesday,0,15:04:45
Leave_Home,2011-07-05 15:18:44,1.7833333333333334,Tuesday,0,15:18:44
Other_Activity,2011-07-05 15:20:31,19.98333333333333,Tuesday,0,15:20:31
Work_On_Computer,2011-07-05 15:40:44,8.933333333333334,Tuesday,0,15:40:44
Step_Out,2011-07-05 15:49:43,2.35,Tuesday,0,15:49:43
Work_On_Computer,2011-07-05 15:52:10,13.683333333333334,Tuesday,0,15:52:10
Work_On_Computer,2011-07-05 16:06:22,2.3,Tuesday,0,16:06:22
Work_On_Computer,2011-07-05 16:09:31,15.133333333333333,Tuesday,0,16:09:31
Other_Activity,2011-07-05 16:24:39,1.25,Tuesday,0,16:24:39
Toilet,2011-07-05 16:25:57,1.5333333333333334,Tuesday,0,16:25:57
Dress,2011-07-05 16:27:37,2.816666666666667,Tuesday,0,16:27:37
Watch_TV,2011-07-05 16:30:49,21.0,Tuesday,0,16:30:49
Other_Activity,2011-07-05 16:51:49,1.3833333333333333,Tuesday,0,16:51:49
Watch_TV,2011-07-05 16:53:12,21.75,Tuesday,0,16:53:12
Leave_Home,2011-07-05 17:18:02,1.2333333333333334,Tuesday,0,17:18:02
Other_Activity,2011-07-05 17:19:16,310.3833333333333,Tuesday,0,17:19:16
Work_On_Computer,2011-07-05 22:30:03,11.716666666666669,Tuesday,0,22:30:03
Work_On_Computer,2011-07-05 22:42:40,36.35,Tuesday,0,22:42:40
Drink,2011-07-05 23:19:13,1.2166666666666666,Tuesday,0,23:19:13
Personal_Hygiene,2011-07-05 23:21:20,1.8166666666666669,Tuesday,0,23:21:20
Evening_Meds,2011-07-05 23:23:09,1.6833333333333331,Tuesday,0,23:23:09
Dress,2011-07-05 23:25:08,3.883333333333333,Tuesday,0,23:25:08
Other_Activity,2011-07-05 23:29:01,1.3833333333333333,Tuesday,0,23:29:01
Personal_Hygiene,2011-07-06 06:39:22,8.083333333333334,Wednesday,0,06:39:22
Dress,2011-07-06 06:48:05,5.25,Wednesday,0,06:48:05
Drink,2011-07-06 06:54:23,2.333333333333333,Wednesday,0,06:54:23
Read,2011-07-06 06:57:20,5.266666666666667,Wednesday,0,06:57:20
Other_Activity,2011-07-06 07:03:14,11.75,Wednesday,0,07:03:14
Drink,2011-07-06 07:15:45,2.1666666666666665,Wednesday,0,07:15:45
Read,2011-07-06 07:18:15,40.13333333333333,Wednesday,0,07:18:15
Toilet,2011-07-06 07:59:12,1.2333333333333334,Wednesday,0,07:59:12
Read,2011-07-06 08:00:45,50.11666666666667,Wednesday,0,08:00:45
Toilet,2011-07-06 08:51:45,1.1333333333333333,Wednesday,0,08:51:45
Dress,2011-07-06 08:53:02,2.033333333333333,Wednesday,0,08:53:02
Other_Activity,2011-07-06 08:57:26,58.2,Wednesday,0,08:57:26
Toilet,2011-07-06 09:55:58,1.5333333333333334,Wednesday,0,09:55:58
Other_Activity,2011-07-06 09:58:32,1.3,Wednesday,0,09:58:32
Personal_Hygiene,2011-07-06 09:59:57,4.483333333333333,Wednesday,0,09:59:57
Dress,2011-07-06 10:04:50,4.066666666666666,Wednesday,0,10:04:50
Other_Activity,2011-07-06 10:08:54,1.2833333333333334,Wednesday,0,10:08:54
Personal_Hygiene,2011-07-06 10:11:33,1.5833333333333333,Wednesday,0,10:11:33
Work_On_Computer,2011-07-06 10:13:26,29.1,Wednesday,0,10:13:26
Work_On_Computer,2011-07-06 10:43:31,26.4,Wednesday,0,10:43:31
Leave_Home,2011-07-06 11:12:04,5.35,Wednesday,0,11:12:04
Other_Activity,2011-07-06 11:17:25,179.86666666666667,Wednesday,0,11:17:25
Work_On_Computer,2011-07-06 14:18:28,15.466666666666669,Wednesday,0,14:18:28
Work_On_Computer,2011-07-06 14:34:54,98.68333333333334,Wednesday,0,14:34:54
Other_Activity,2011-07-06 16:13:35,1.0333333333333334,Wednesday,0,16:13:35
Work_On_Computer,2011-07-06 16:14:41,108.18333333333334,Wednesday,0,16:14:41
Cook_Dinner,2011-07-06 18:04:04,6.1,Wednesday,0,18:04:04
Dress,2011-07-06 18:10:36,2.2,Wednesday,0,18:10:36
Other_Activity,2011-07-06 18:13:46,16.116666666666667,Wednesday,0,18:13:46
Wash_Dinner_Dishes,2011-07-06 18:30:04,3.066666666666667,Wednesday,0,18:30:04
Work,2011-07-06 18:33:18,2.65,Wednesday,0,18:33:18
Dress,2011-07-06 18:36:55,2.2333333333333334,Wednesday,0,18:36:55
Watch_TV,2011-07-06 18:39:16,3.816666666666667,Wednesday,0,18:39:16
Other_Activity,2011-07-06 18:43:05,15.016666666666667,Wednesday,0,18:43:05
Watch_TV,2011-07-06 18:58:10,1.8166666666666669,Wednesday,0,18:58:10
Other_Activity,2011-07-06 18:59:59,10.016666666666667,Wednesday,0,18:59:59
Toilet,2011-07-06 19:10:04,2.083333333333333,Wednesday,0,19:10:04
Leave_Home,2011-07-06 19:13:12,2.5166666666666666,Wednesday,0,19:13:12
Other_Activity,2011-07-06 19:15:43,191.75,Wednesday,0,19:15:43
Work_On_Computer,2011-07-06 22:27:46,23.03333333333333,Wednesday,0,22:27:46
Toilet,2011-07-06 22:51:40,2.216666666666667,Wednesday,0,22:51:40
Dress,2011-07-06 22:54:04,3.1666666666666665,Wednesday,0,22:54:04
Read,2011-07-06 22:58:04,51.73333333333333,Wednesday,0,22:58:04
Personal_Hygiene,2011-07-07 07:06:10,7.75,Thursday,0,07:06:10
Cook_Breakfast,2011-07-07 07:14:47,2.683333333333333,Thursday,0,07:14:47
Dress,2011-07-07 07:18:25,2.433333333333333,Thursday,0,07:18:25
Cook_Breakfast,2011-07-07 07:21:02,2.95,Thursday,0,07:21:02
Eat_Breakfast,2011-07-07 07:25:02,11.0,Thursday,0,07:25:02
Read,2011-07-07 07:36:02,66.6,Thursday,0,07:36:02
Groom,2011-07-07 08:43:19,3.0,Thursday,0,08:43:19
Other_Activity,2011-07-07 08:46:23,1.3666666666666667,Thursday,0,08:46:23
Other_Activity,2011-07-07 08:48:00,53.75,Thursday,0,08:48:00
Personal_Hygiene,2011-07-07 09:42:30,1.95,Thursday,0,09:42:30
Bathe,2011-07-07 09:44:27,6.333333333333333,Thursday,0,09:44:27
Groom,2011-07-07 09:50:47,4.533333333333333,Thursday,0,09:50:47
Dress,2011-07-07 09:55:55,7.466666666666667,Thursday,0,09:55:55
Other_Activity,2011-07-07 10:03:27,2.35,Thursday,0,10:03:27
Toilet,2011-07-07 10:05:51,1.5666666666666669,Thursday,0,10:05:51
Drink,2011-07-07 10:08:11,1.1833333333333331,Thursday,0,10:08:11
Work_On_Computer,2011-07-07 10:09:30,57.4,Thursday,0,10:09:30
Work_On_Computer,2011-07-07 11:07:27,33.71666666666667,Thursday,0,11:07:27
Cook_Lunch,2011-07-07 11:41:34,2.5166666666666666,Thursday,0,11:41:34
Work_On_Computer,2011-07-07 11:44:13,11.166666666666666,Thursday,0,11:44:13
Dress,2011-07-07 11:56:54,2.95,Thursday,0,11:56:54
Other_Activity,2011-07-07 11:59:51,1.3166666666666669,Thursday,0,11:59:51
Toilet,2011-07-07 12:01:13,1.0833333333333333,Thursday,0,12:01:13
Eat_Lunch,2011-07-07 12:04:16,11.116666666666667,Thursday,0,12:04:16
Other_Activity,2011-07-07 12:15:23,1.9833333333333332,Thursday,0,12:15:23
Work_On_Computer,2011-07-07 12:17:22,70.98333333333333,Thursday,0,12:17:22
Other_Activity,2011-07-07 13:29:45,1.0833333333333333,Thursday,0,13:29:45
Relax,2011-07-07 13:30:55,3.3833333333333333,Thursday,0,13:30:55
Work_On_Computer,2011-07-07 13:34:47,55.45,Thursday,0,13:34:47
Personal_Hygiene,2011-07-07 14:30:25,4.6,Thursday,0,14:30:25
Other_Activity,2011-07-07 14:35:02,1.9,Thursday,0,14:35:02
Work_At_Desk,2011-07-07 14:36:56,7.283333333333333,Thursday,0,14:36:56
Leave_Home,2011-07-07 14:44:16,1.3166666666666669,Thursday,0,14:44:16
Other_Activity,2011-07-07 14:45:35,98.3,Thursday,0,14:45:35
Work_On_Computer,2011-07-07 16:24:08,22.916666666666668,Thursday,0,16:24:08
Other_Activity,2011-07-07 16:47:06,1.8166666666666669,Thursday,0,16:47:06
Cook_Dinner,2011-07-07 16:48:58,6.8,Thursday,0,16:48:58
Other_Activity,2011-07-07 16:55:46,1.5833333333333333,Thursday,0,16:55:46
Eat_Dinner,2011-07-07 16:57:24,1.35,Thursday,0,16:57:24
Other_Activity,2011-07-07 16:58:45,14.133333333333333,Thursday,0,16:58:45
Toilet,2011-07-07 17:13:03,2.3,Thursday,0,17:13:03
Other_Activity,2011-07-07 17:16:50,5.316666666666666,Thursday,0,17:16:50
Wash_Dinner_Dishes,2011-07-07 17:22:11,2.933333333333333,Thursday,0,17:22:11
Relax,2011-07-07 17:27:24,1.9166666666666667,Thursday,0,17:27:24
Other_Activity,2011-07-07 17:29:19,4.616666666666666,Thursday,0,17:29:19
Entertain_Guests,2011-07-07 17:33:56,57.13333333333333,Thursday,0,17:33:56
Leave_Home,2011-07-07 18:31:04,1.9333333333333331,Thursday,0,18:31:04
Other_Activity,2011-07-07 18:33:00,104.86666666666666,Thursday,0,18:33:00
Step_Out,2011-07-07 20:19:03,2.716666666666667,Thursday,0,20:19:03
Work,2011-07-07 20:21:53,1.6,Thursday,0,20:21:53
Leave_Home,2011-07-07 20:23:35,4.816666666666666,Thursday,0,20:23:35
Other_Activity,2011-07-07 20:28:24,3.966666666666667,Thursday,0,20:28:24
Wash_Dinner_Dishes,2011-07-07 20:33:45,2.8833333333333333,Thursday,0,20:33:45
Leave_Home,2011-07-07 20:36:42,8.55,Thursday,0,20:36:42
Work_On_Computer,2011-07-07 20:45:30,61.23333333333333,Thursday,0,20:45:30
Dress,2011-07-07 21:49:05,2.083333333333333,Thursday,0,21:49:05
Personal_Hygiene,2011-07-07 21:51:26,2.1333333333333333,Thursday,0,21:51:26
Watch_TV,2011-07-07 21:54:15,112.61666666666666,Thursday,0,21:54:15
Evening_Meds,2011-07-07 23:47:03,1.2166666666666666,Thursday,0,23:47:03
Watch_TV,2011-07-07 23:49:18,21.566666666666663,Thursday,0,23:49:18
Personal_Hygiene,2011-07-08 07:17:53,6.316666666666666,Friday,0,07:17:53
Other_Activity,2011-07-08 07:25:03,1.5833333333333333,Friday,0,07:25:03
Personal_Hygiene,2011-07-08 07:26:42,1.4333333333333331,Friday,0,07:26:42
Dress,2011-07-08 07:28:19,3.15,Friday,0,07:28:19
Cook_Breakfast,2011-07-08 07:31:42,4.933333333333334,Friday,0,07:31:42
Eat_Breakfast,2011-07-08 07:36:46,15.15,Friday,0,07:36:46
Read,2011-07-08 07:51:55,6.883333333333334,Friday,0,07:51:55
Wash_Breakfast_Dishes,2011-07-08 07:58:57,1.7333333333333334,Friday,0,07:58:57
Work_On_Computer,2011-07-08 08:01:04,47.53333333333333,Friday,0,08:01:04
Groom,2011-07-08 08:49:19,3.6166666666666663,Friday,0,08:49:19
Leave_Home,2011-07-08 08:54:01,2.2333333333333334,Friday,0,08:54:01
Other_Activity,2011-07-08 08:56:15,67.2,Friday,0,08:56:15
Other_Activity,2011-07-08 10:03:39,1.1,Friday,0,10:03:39
Personal_Hygiene,2011-07-08 10:04:48,6.95,Friday,0,10:04:48
Dress,2011-07-08 10:12:05,3.816666666666667,Friday,0,10:12:05
Personal_Hygiene,2011-07-08 10:17:28,2.1166666666666667,Friday,0,10:17:28
Groom,2011-07-08 10:20:05,1.4166666666666667,Friday,0,10:20:05
Other_Activity,2011-07-08 10:21:30,2.333333333333333,Friday,0,10:21:30
Other_Activity,2011-07-08 10:24:56,1.2333333333333334,Friday,0,10:24:56
Dress,2011-07-08 10:26:10,3.983333333333333,Friday,0,10:26:10
Read,2011-07-08 10:30:50,8.6,Friday,0,10:30:50
Other_Activity,2011-07-08 10:39:26,2.966666666666667,Friday,0,10:39:26
Toilet,2011-07-08 10:42:25,1.2666666666666666,Friday,0,10:42:25
Work_On_Computer,2011-07-08 10:43:56,28.83333333333333,Friday,0,10:43:56
Toilet,2011-07-08 11:12:57,1.2666666666666666,Friday,0,11:12:57
Work_On_Computer,2011-07-08 11:14:26,3.066666666666667,Friday,0,11:14:26
Other_Activity,2011-07-08 11:17:30,1.1166666666666667,Friday,0,11:17:30
Work_On_Computer,2011-07-08 11:18:37,10.65,Friday,0,11:18:37
Cook_Lunch,2011-07-08 11:29:26,4.583333333333333,Friday,0,11:29:26
Eat_Lunch,2011-07-08 11:34:14,12.933333333333334,Friday,0,11:34:14
Wash_Lunch_Dishes,2011-07-08 11:47:23,3.1,Friday,0,11:47:23
Work_On_Computer,2011-07-08 11:50:36,12.383333333333333,Friday,0,11:50:36
Toilet,2011-07-08 12:03:11,4.166666666666667,Friday,0,12:03:11
Dress,2011-07-08 12:08:05,2.65,Friday,0,12:08:05
Work_On_Computer,2011-07-08 12:12:16,16.166666666666668,Friday,0,12:12:16
Dress,2011-07-08 12:28:55,4.833333333333333,Friday,0,12:28:55
Toilet,2011-07-08 12:34:01,1.0333333333333334,Friday,0,12:34:01
Work_On_Computer,2011-07-08 12:35:14,56.35,Friday,0,12:35:14
Dress,2011-07-08 13:32:39,1.1666666666666667,Friday,0,13:32:39
Other_Activity,2011-07-08 13:34:51,1.35,Friday,0,13:34:51
Leave_Home,2011-07-08 13:36:37,1.65,Friday,0,13:36:37
Other_Activity,2011-07-08 13:38:16,79.2,Friday,0,13:38:16
Other_Activity,2011-07-08 14:57:36,4.516666666666667,Friday,0,14:57:36
Work_On_Computer,2011-07-08 15:02:07,20.45,Friday,0,15:02:07
Toilet,2011-07-08 15:23:24,1.2833333333333334,Friday,0,15:23:24
Leave_Home,2011-07-08 15:25:07,2.216666666666667,Friday,0,15:25:07
Other_Activity,2011-07-08 15:27:20,53.65,Friday,0,15:27:20
Wash_Dishes,2011-07-08 16:21:42,8.066666666666666,Friday,0,16:21:42
Step_Out,2011-07-08 16:30:28,1.0666666666666669,Friday,0,16:30:28
Wash_Dishes,2011-07-08 16:31:44,1.5,Friday,0,16:31:44
Leave_Home,2011-07-08 16:33:19,1.1666666666666667,Friday,0,16:33:19
Other_Activity,2011-07-08 16:34:29,31.433333333333334,Friday,0,16:34:29
Cook_Dinner,2011-07-08 17:06:16,4.616666666666666,Friday,0,17:06:16
Eat_Dinner,2011-07-08 17:11:57,20.916666666666668,Friday,0,17:11:57
Drink,2011-07-08 17:33:03,1.4166666666666667,Friday,0,17:33:03
Relax,2011-07-08 17:34:35,1.3,Friday,0,17:34:35
Other_Activity,2011-07-08 17:35:53,2.816666666666667,Friday,0,17:35:53
Dress,2011-07-08 17:38:42,1.4166666666666667,Friday,0,17:38:42
Toilet,2011-07-08 17:40:14,1.7666666666666666,Friday,0,17:40:14
Work_On_Computer,2011-07-08 17:43:00,7.033333333333333,Friday,0,17:43:00
Wash_Dinner_Dishes,2011-07-08 17:50:46,4.566666666666666,Friday,0,17:50:46
Other_Activity,2011-07-08 17:56:28,15.583333333333334,Friday,0,17:56:28
Wash_Dinner_Dishes,2011-07-08 18:12:25,1.5833333333333333,Friday,0,18:12:25
Other_Activity,2011-07-08 18:15:58,43.6,Friday,0,18:15:58
Dress,2011-07-08 18:59:34,4.716666666666667,Friday,0,18:59:34
Phone,2011-07-08 19:04:17,5.366666666666666,Friday,0,19:04:17
Other_Activity,2011-07-08 19:09:39,1.7166666666666666,Friday,0,19:09:39
Personal_Hygiene,2011-07-08 19:11:22,5.733333333333333,Friday,0,19:11:22
Work,2011-07-08 19:18:08,2.25,Friday,0,19:18:08
Other_Activity,2011-07-08 19:20:55,72.26666666666667,Friday,0,19:20:55
Work_At_Desk,2011-07-08 20:33:42,6.083333333333333,Friday,0,20:33:42
Other_Activity,2011-07-08 20:40:18,95.98333333333332,Friday,0,20:40:18
Work_On_Computer,2011-07-08 22:16:31,15.25,Friday,0,22:16:31
Dress,2011-07-08 22:32:03,2.65,Friday,0,22:32:03
Toilet,2011-07-08 22:34:59,4.083333333333333,Friday,0,22:34:59
Drink,2011-07-08 22:39:13,1.2333333333333334,Friday,0,22:39:13
Other_Activity,2011-07-08 22:40:27,2.95,Friday,0,22:40:27
Evening_Meds,2011-07-08 22:43:40,1.1,Friday,0,22:43:40
Dress,2011-07-08 22:45:07,4.25,Friday,0,22:45:07
Wash_Dishes,2011-07-08 22:50:41,3.816666666666667,Friday,0,22:50:41
Watch_TV,2011-07-08 22:55:16,73.63333333333334,Friday,0,22:55:16
Personal_Hygiene,2011-07-09 06:45:07,9.016666666666667,Saturday,1,06:45:07
Bathe,2011-07-09 06:54:08,7.233333333333333,Saturday,1,06:54:08
Groom,2011-07-09 07:01:36,6.45,Saturday,1,07:01:36
Other_Activity,2011-07-09 07:09:13,1.2,Saturday,1,07:09:13
Dress,2011-07-09 07:10:25,3.0166666666666666,Saturday,1,07:10:25
Other_Activity,2011-07-09 07:13:26,1.0833333333333333,Saturday,1,07:13:26
Dress,2011-07-09 07:14:31,3.1,Saturday,1,07:14:31
Drink,2011-07-09 07:18:29,1.7333333333333334,Saturday,1,07:18:29
Morning_Meds,2011-07-09 07:20:19,2.333333333333333,Saturday,1,07:20:19
Dress,2011-07-09 07:22:47,2.95,Saturday,1,07:22:47
Cook_Breakfast,2011-07-09 07:26:40,3.533333333333333,Saturday,1,07:26:40
Other_Activity,2011-07-09 07:30:13,1.7166666666666666,Saturday,1,07:30:13
Cook_Breakfast,2011-07-09 07:31:56,2.05,Saturday,1,07:31:56
Eat_Breakfast,2011-07-09 07:34:44,14.2,Saturday,1,07:34:44
Read,2011-07-09 07:48:56,51.2,Saturday,1,07:48:56
Wash_Breakfast_Dishes,2011-07-09 08:40:38,1.4333333333333331,Saturday,1,08:40:38
Other_Activity,2011-07-09 08:42:16,5.0,Saturday,1,08:42:16
Toilet,2011-07-09 08:47:16,3.85,Saturday,1,08:47:16
Work_On_Computer,2011-07-09 08:51:31,16.016666666666666,Saturday,1,08:51:31
Other_Activity,2011-07-09 09:07:32,2.2,Saturday,1,09:07:32
Step_Out,2011-07-09 09:09:44,2.3666666666666667,Saturday,1,09:09:44
Step_Out,2011-07-09 09:12:35,1.8166666666666669,Saturday,1,09:12:35
Leave_Home,2011-07-09 09:15:36,1.8,Saturday,1,09:15:36
Other_Activity,2011-07-09 09:17:24,568.55,Saturday,1,09:17:24
Work_On_Computer,2011-07-09 18:46:11,21.266666666666666,Saturday,1,18:46:11
Work_On_Computer,2011-07-09 19:07:54,41.0,Saturday,1,19:07:54
Work_On_Computer,2011-07-09 19:49:30,26.03333333333333,Saturday,1,19:49:30
Other_Activity,2011-07-09 20:15:32,2.066666666666667,Saturday,1,20:15:32
Toilet,2011-07-09 20:17:40,1.25,Saturday,1,20:17:40
Cook_Dinner,2011-07-09 20:19:56,7.583333333333333,Saturday,1,20:19:56
Eat_Dinner,2011-07-09 20:27:37,9.966666666666669,Saturday,1,20:27:37
Wash_Dinner_Dishes,2011-07-09 20:38:10,2.4166666666666665,Saturday,1,20:38:10
Work_On_Computer,2011-07-09 20:40:52,19.383333333333333,Saturday,1,20:40:52
Wash_Dinner_Dishes,2011-07-09 21:00:28,1.4333333333333331,Saturday,1,21:00:28
Other_Activity,2011-07-09 21:01:56,2.3,Saturday,1,21:01:56
Toilet,2011-07-09 21:04:18,2.316666666666667,Saturday,1,21:04:18
Personal_Hygiene,2011-07-09 21:07:02,1.6333333333333333,Saturday,1,21:07:02
Other_Activity,2011-07-09 21:08:44,3.983333333333333,Saturday,1,21:08:44
Work,2011-07-09 21:12:43,2.283333333333333,Saturday,1,21:12:43
Other_Activity,2011-07-09 21:15:00,1.05,Saturday,1,21:15:00
Phone,2011-07-09 21:16:04,5.766666666666667,Saturday,1,21:16:04
Dress,2011-07-09 21:23:03,6.533333333333333,Saturday,1,21:23:03
Other_Activity,2011-07-09 21:31:07,3.3,Saturday,1,21:31:07
Watch_TV,2011-07-09 21:34:25,9.45,Saturday,1,21:34:25
Other_Activity,2011-07-09 21:45:51,2.066666666666667,Saturday,1,21:45:51
Phone,2011-07-09 21:47:55,16.7,Saturday,1,21:47:55
Other_Activity,2011-07-09 22:04:37,1.75,Saturday,1,22:04:37
Toilet,2011-07-09 22:06:25,1.45,Saturday,1,22:06:25
Dress,2011-07-09 22:08:04,2.716666666666667,Saturday,1,22:08:04
Personal_Hygiene,2011-07-10 05:01:23,1.5333333333333334,Sunday,1,05:01:23
Personal_Hygiene,2011-07-10 05:03:00,12.983333333333333,Sunday,1,05:03:00
Dress,2011-07-10 05:16:39,8.4,Sunday,1,05:16:39
Drink,2011-07-10 05:25:12,2.583333333333333,Sunday,1,05:25:12
Relax,2011-07-10 05:27:50,2.533333333333333,Sunday,1,05:27:50
Toilet,2011-07-10 05:31:05,3.2,Sunday,1,05:31:05
Other_Activity,2011-07-10 05:34:19,2.183333333333333,Sunday,1,05:34:19
Work_At_Desk,2011-07-10 05:36:33,3.183333333333333,Sunday,1,05:36:33
Other_Activity,2011-07-10 05:39:44,1.65,Sunday,1,05:39:44
Toilet,2011-07-10 05:41:28,1.0666666666666669,Sunday,1,05:41:28
Leave_Home,2011-07-10 05:42:38,1.9,Sunday,1,05:42:38
Other_Activity,2011-07-10 05:44:32,1564.1833333333334,Sunday,1,05:44:32
Other_Activity,2011-07-11 07:49:24,4.083333333333333,Monday,0,07:49:24
Other_Activity,2011-07-11 07:54:05,10.25,Monday,0,07:54:05
Enter_Home,2011-07-11 08:04:20,1.25,Monday,0,08:04:20
Entertain_Guests,2011-07-11 08:05:35,34.15,Monday,0,08:05:35
Work_On_Computer,2011-07-11 08:39:52,7.166666666666667,Monday,0,08:39:52
Personal_Hygiene,2011-07-11 08:47:47,1.05,Monday,0,08:47:47
Other_Activity,2011-07-11 08:48:50,2.2333333333333334,Monday,0,08:48:50
Phone,2011-07-11 08:51:04,7.033333333333333,Monday,0,08:51:04
Other_Activity,2011-07-11 08:58:09,2.316666666666667,Monday,0,08:58:09
Leave_Home,2011-07-11 09:00:28,6.183333333333334,Monday,0,09:00:28
Other_Activity,2011-07-11 09:06:39,2237.75,Monday,0,09:06:39
Other_Activity,2011-07-12 22:24:42,1.9666666666666663,Tuesday,0,22:24:42
Work_On_Computer,2011-07-12 22:26:40,9.55,Tuesday,0,22:26:40
Work_On_Computer,2011-07-12 22:37:54,39.43333333333333,Tuesday,0,22:37:54
Other_Activity,2011-07-12 23:17:20,1.6,Tuesday,0,23:17:20
Personal_Hygiene,2011-07-12 23:19:01,1.7833333333333334,Tuesday,0,23:19:01
Dress,2011-07-12 23:21:24,5.883333333333334,Tuesday,0,23:21:24
Other_Activity,2011-07-12 23:27:17,2.6333333333333333,Tuesday,0,23:27:17
Groom,2011-07-12 23:30:59,3.066666666666667,Tuesday,0,23:30:59
Groom,2011-07-12 23:34:48,1.0833333333333333,Tuesday,0,23:34:48
Other_Activity,2011-07-12 23:37:13,2.6333333333333333,Tuesday,0,23:37:13
Other_Activity,2011-07-13 06:45:59,2.933333333333333,Wednesday,0,06:45:59
Personal_Hygiene,2011-07-13 06:48:55,11.3,Wednesday,0,06:48:55
Dress,2011-07-13 07:00:24,2.7666666666666666,Wednesday,0,07:00:24
Dress,2011-07-13 07:03:10,1.4166666666666667,Wednesday,0,07:03:10
Other_Activity,2011-07-13 07:04:35,3.35,Wednesday,0,07:04:35
Read,2011-07-13 07:07:56,3.7,Wednesday,0,07:07:56
Cook_Breakfast,2011-07-13 07:11:52,2.966666666666667,Wednesday,0,07:11:52
Other_Activity,2011-07-13 07:14:52,2.066666666666667,Wednesday,0,07:14:52
Work_On_Computer,2011-07-13 07:17:00,4.3,Wednesday,0,07:17:00
Other_Activity,2011-07-13 07:21:18,2.6333333333333333,Wednesday,0,07:21:18
Other_Activity,2011-07-13 07:24:49,1.0166666666666666,Wednesday,0,07:24:49
Cook_Breakfast,2011-07-13 07:26:41,5.316666666666666,Wednesday,0,07:26:41
Eat_Breakfast,2011-07-13 07:32:57,10.633333333333333,Wednesday,0,07:32:57
Read,2011-07-13 07:43:35,44.6,Wednesday,0,07:43:35
Wash_Breakfast_Dishes,2011-07-13 08:28:20,1.05,Wednesday,0,08:28:20
Toilet,2011-07-13 08:29:29,2.4,Wednesday,0,08:29:29
Work_On_Computer,2011-07-13 08:32:04,31.216666666666665,Wednesday,0,08:32:04
Other_Activity,2011-07-13 09:03:17,1.1833333333333331,Wednesday,0,09:03:17
Other_Activity,2011-07-13 09:04:57,3.3833333333333333,Wednesday,0,09:04:57
Entertain_Guests,2011-07-13 09:08:32,163.28333333333333,Wednesday,0,09:08:32
Other_Activity,2011-07-13 11:52:18,9.916666666666666,Wednesday,0,11:52:18
Entertain_Guests,2011-07-13 12:02:28,33.416666666666664,Wednesday,0,12:02:28
Other_Activity,2011-07-13 12:35:53,1.0666666666666669,Wednesday,0,12:35:53
Drink,2011-07-13 12:37:03,1.25,Wednesday,0,12:37:03
Other_Activity,2011-07-13 12:38:20,1.75,Wednesday,0,12:38:20
Work_On_Computer,2011-07-13 12:40:08,9.0,Wednesday,0,12:40:08
Other_Activity,2011-07-13 12:49:08,3.1,Wednesday,0,12:49:08
Work_On_Computer,2011-07-13 12:52:14,9.833333333333334,Wednesday,0,12:52:14
Other_Activity,2011-07-13 13:02:04,1.75,Wednesday,0,13:02:04
Work_On_Computer,2011-07-13 13:03:49,32.56666666666667,Wednesday,0,13:03:49
Leave_Home,2011-07-13 13:36:48,2.45,Wednesday,0,13:36:48
Other_Activity,2011-07-13 13:39:15,12.75,Wednesday,0,13:39:15
Work_On_Computer,2011-07-13 13:52:15,57.86666666666667,Wednesday,0,13:52:15
Other_Activity,2011-07-13 14:50:07,2.283333333333333,Wednesday,0,14:50:07
Work_On_Computer,2011-07-13 14:52:24,31.0,Wednesday,0,14:52:24
Other_Activity,2011-07-13 15:24:33,1.3,Wednesday,0,15:24:33
Work,2011-07-13 15:25:51,1.2,Wednesday,0,15:25:51
Other_Activity,2011-07-13 15:27:03,2.966666666666667,Wednesday,0,15:27:03
Work_On_Computer,2011-07-13 15:30:01,69.8,Wednesday,0,15:30:01
Toilet,2011-07-13 16:39:57,2.3,Wednesday,0,16:39:57
Dress,2011-07-13 16:43:40,1.1,Wednesday,0,16:43:40
Dress,2011-07-13 16:44:59,2.0,Wednesday,0,16:44:59
Other_Activity,2011-07-13 16:46:59,2.183333333333333,Wednesday,0,16:46:59
Other_Activity,2011-07-13 16:49:25,1.4333333333333331,Wednesday,0,16:49:25
Toilet,2011-07-13 16:50:51,1.0833333333333333,Wednesday,0,16:50:51
Other_Activity,2011-07-13 16:51:58,1.4,Wednesday,0,16:51:58
Work_On_Computer,2011-07-13 16:53:22,21.5,Wednesday,0,16:53:22
Other_Activity,2011-07-13 17:15:50,316.9,Wednesday,0,17:15:50
Work_On_Computer,2011-07-13 22:34:06,17.933333333333334,Wednesday,0,22:34:06
Drink,2011-07-13 22:53:29,1.3,Wednesday,0,22:53:29
Dress,2011-07-13 22:56:45,2.6666666666666665,Wednesday,0,22:56:45
Personal_Hygiene,2011-07-13 22:59:43,1.6666666666666667,Wednesday,0,22:59:43
Watch_TV,2011-07-13 23:01:36,11.416666666666666,Wednesday,0,23:01:36
Watch_TV,2011-07-13 23:14:02,8.183333333333334,Wednesday,0,23:14:02
Watch_TV,2011-07-13 23:23:05,17.816666666666666,Wednesday,0,23:23:05
Personal_Hygiene,2011-07-14 07:06:53,8.333333333333334,Thursday,0,07:06:53
Cook_Breakfast,2011-07-14 07:15:54,2.15,Thursday,0,07:15:54
Other_Activity,2011-07-14 07:18:03,3.933333333333333,Thursday,0,07:18:03
Read,2011-07-14 07:22:02,19.683333333333334,Thursday,0,07:22:02
Cook_Breakfast,2011-07-14 07:41:49,2.6166666666666667,Thursday,0,07:41:49
Eat_Breakfast,2011-07-14 07:44:51,10.6,Thursday,0,07:44:51
Read,2011-07-14 07:55:27,6.366666666666666,Thursday,0,07:55:27
Personal_Hygiene,2011-07-14 08:02:18,5.966666666666667,Thursday,0,08:02:18
Dress,2011-07-14 08:08:32,3.183333333333333,Thursday,0,08:08:32
Other_Activity,2011-07-14 08:11:43,1.8833333333333333,Thursday,0,08:11:43
Toilet,2011-07-14 08:13:39,1.9666666666666663,Thursday,0,08:13:39
Work_On_Computer,2011-07-14 08:16:54,9.316666666666666,Thursday,0,08:16:54
Leave_Home,2011-07-14 08:27:01,1.6166666666666667,Thursday,0,08:27:01
Other_Activity,2011-07-14 08:28:38,7.55,Thursday,0,08:28:38
Other_Activity,2011-07-14 08:36:21,1.1,Thursday,0,08:36:21
Work_On_Computer,2011-07-14 08:37:44,56.21666666666667,Thursday,0,08:37:44
Work_On_Computer,2011-07-14 09:36:16,9.783333333333331,Thursday,0,09:36:16
Leave_Home,2011-07-14 09:46:33,2.066666666666667,Thursday,0,09:46:33
Other_Activity,2011-07-14 09:48:37,43.266666666666666,Thursday,0,09:48:37
Other_Activity,2011-07-14 10:32:05,1.65,Thursday,0,10:32:05
Work_On_Computer,2011-07-14 10:34:55,25.666666666666668,Thursday,0,10:34:55
Toilet,2011-07-14 11:01:26,2.333333333333333,Thursday,0,11:01:26
Other_Activity,2011-07-14 11:03:46,1.9666666666666663,Thursday,0,11:03:46
Step_Out,2011-07-14 11:05:44,2.8833333333333333,Thursday,0,11:05:44
Drink,2011-07-14 11:09:13,2.35,Thursday,0,11:09:13
Work_On_Computer,2011-07-14 11:12:27,77.26666666666667,Thursday,0,11:12:27
Other_Activity,2011-07-14 12:29:43,2.183333333333333,Thursday,0,12:29:43
Work_On_Computer,2011-07-14 12:31:54,7.166666666666667,Thursday,0,12:31:54
Cook_Lunch,2011-07-14 12:39:13,6.2,Thursday,0,12:39:13
Cook_Lunch,2011-07-14 12:46:12,2.4,Thursday,0,12:46:12
Other_Activity,2011-07-14 12:48:36,3.683333333333333,Thursday,0,12:48:36
Eat_Lunch,2011-07-14 12:52:53,15.083333333333334,Thursday,0,12:52:53
Other_Activity,2011-07-14 13:07:58,1.1333333333333333,Thursday,0,13:07:58
Other_Activity,2011-07-14 13:10:48,1.6166666666666667,Thursday,0,13:10:48
Personal_Hygiene,2011-07-14 13:13:15,1.9166666666666667,Thursday,0,13:13:15
Work_At_Desk,2011-07-14 13:15:20,2.3,Thursday,0,13:15:20
Leave_Home,2011-07-14 13:17:48,1.55,Thursday,0,13:17:48
Other_Activity,2011-07-14 13:19:21,22.516666666666666,Thursday,0,13:19:21
Other_Activity,2011-07-14 13:42:05,1.7333333333333334,Thursday,0,13:42:05
Leave_Home,2011-07-14 13:43:51,1.25,Thursday,0,13:43:51
Other_Activity,2011-07-14 13:45:06,60.05,Thursday,0,13:45:06
Work_On_Computer,2011-07-14 14:46:18,3.883333333333333,Thursday,0,14:46:18
Toilet,2011-07-14 14:50:53,1.1666666666666667,Thursday,0,14:50:53
Work_On_Computer,2011-07-14 14:52:18,5.366666666666666,Thursday,0,14:52:18
Work_On_Computer,2011-07-14 14:58:19,42.1,Thursday,0,14:58:19
Personal_Hygiene,2011-07-14 15:40:56,4.983333333333333,Thursday,0,15:40:56
Dress,2011-07-14 15:46:07,4.9,Thursday,0,15:46:07
Dress,2011-07-14 15:51:35,3.8,Thursday,0,15:51:35
Work_On_Computer,2011-07-14 15:55:57,35.78333333333333,Thursday,0,15:55:57
Leave_Home,2011-07-14 16:31:56,1.1,Thursday,0,16:31:56
Other_Activity,2011-07-14 16:33:02,8.25,Thursday,0,16:33:02
Drink,2011-07-14 16:41:33,1.4333333333333331,Thursday,0,16:41:33
Work_On_Computer,2011-07-14 16:43:08,15.766666666666667,Thursday,0,16:43:08
Leave_Home,2011-07-14 16:59:02,1.5333333333333334,Thursday,0,16:59:02
Other_Activity,2011-07-14 17:00:34,27.116666666666667,Thursday,0,17:00:34
Enter_Home,2011-07-14 17:27:41,1.1166666666666667,Thursday,0,17:27:41
Work_On_Computer,2011-07-14 17:28:53,10.016666666666667,Thursday,0,17:28:53
Step_Out,2011-07-14 17:39:03,6.066666666666666,Thursday,0,17:39:03
Work,2011-07-14 17:45:25,1.9833333333333332,Thursday,0,17:45:25
Cook_Dinner,2011-07-14 17:47:31,4.266666666666667,Thursday,0,17:47:31
Work_On_Computer,2011-07-14 17:53:01,4.416666666666667,Thursday,0,17:53:01
Cook_Dinner,2011-07-14 17:57:43,2.0166666666666666,Thursday,0,17:57:43
Other_Activity,2011-07-14 17:59:45,1.5333333333333334,Thursday,0,17:59:45
Other_Activity,2011-07-14 18:03:50,8.416666666666666,Thursday,0,18:03:50
Other_Activity,2011-07-14 18:13:49,8.1,Thursday,0,18:13:49
Other_Activity,2011-07-14 18:23:35,4.883333333333334,Thursday,0,18:23:35
Wash_Dinner_Dishes,2011-07-14 18:28:44,2.583333333333333,Thursday,0,18:28:44
Watch_TV,2011-07-14 18:31:42,44.266666666666666,Thursday,0,18:31:42
Dress,2011-07-14 19:16:04,1.55,Thursday,0,19:16:04
Toilet,2011-07-14 19:18:29,1.4,Thursday,0,19:18:29
Dress,2011-07-14 19:20:30,2.833333333333333,Thursday,0,19:20:30
Work_On_Computer,2011-07-14 19:24:02,27.7,Thursday,0,19:24:02
Other_Activity,2011-07-14 19:51:44,2.1666666666666665,Thursday,0,19:51:44
Toilet,2011-07-14 19:53:54,1.8166666666666669,Thursday,0,19:53:54
Leave_Home,2011-07-14 19:55:53,5.766666666666667,Thursday,0,19:55:53
Other_Activity,2011-07-14 20:01:39,154.51666666666668,Thursday,0,20:01:39
Work_On_Computer,2011-07-14 22:36:30,14.966666666666669,Thursday,0,22:36:30
Other_Activity,2011-07-14 22:51:28,1.4666666666666666,Thursday,0,22:51:28
Cook,2011-07-14 22:52:58,3.683333333333333,Thursday,0,22:52:58
Eat,2011-07-14 22:56:48,18.53333333333333,Thursday,0,22:56:48
Evening_Meds,2011-07-14 23:15:30,1.25,Thursday,0,23:15:30
Dress,2011-07-14 23:17:21,2.2333333333333334,Thursday,0,23:17:21
Read,2011-07-14 23:20:42,29.616666666666667,Thursday,0,23:20:42
